{"type":"Topology","arcs":[[[305,4288],[21,-1],[61,-82],[-67,-18],[-45,-64],[-67,-41],[25,-34],[-7,-177],[-86,-12],[-18,46],[24,43],[-31,93],[-33,52],[35,34],[16,45],[42,1],[16,50],[64,13],[50,52]],[[395,3221],[-70,165],[-6,114],[-61,54],[-99,195],[135,20],[53,22],[17,25],[58,14],[132,-3],[87,8],[22,-10],[161,-10],[53,7],[449,8],[82,-22],[2,-43],[35,-40],[-10,-66],[22,-97],[46,-57],[13,-40],[-8,-59],[44,-55]],[[1552,3351],[-60,-70],[-31,15],[-45,70],[-81,-32],[-83,-72],[21,-98],[-11,-45],[-50,-30],[-35,0],[5,-60],[-40,-19],[-18,-44],[31,-37],[-17,-51],[-8,-85],[-101,-25],[-16,-33],[-32,-6],[-3,-116],[73,-29],[114,11],[15,21],[102,-9],[42,-49],[20,-75],[-12,-35],[80,-102],[-19,-34],[-64,-48],[-34,-50],[-74,15],[-48,-104],[-11,-53],[-99,-36],[-6,-128],[-77,-26],[-28,-49]],[[952,1833],[-48,36],[-53,2],[-45,70],[-29,5],[-52,-49],[-46,67],[-82,12]],[[597,1976],[1,128],[15,72],[-5,63],[-26,41],[4,43],[-61,69],[-16,56],[-49,86],[3,28],[-37,56],[7,30],[-23,89],[-43,74],[58,86],[53,21],[-3,55],[0,81],[-80,167]],[[2964,587],[36,-119],[65,-41],[48,-69],[61,-51],[13,-31],[70,-44],[60,-78],[51,-31],[-333,-68],[-245,-49],[-48,26],[-118,-32],[-70,15],[-66,41],[-87,-13],[-105,16],[-73,-5],[-72,18],[-43,-6],[-75,23],[-89,113],[-340,0]],[[1604,202],[-12,195],[52,127],[-9,139],[-95,149],[-41,24],[-48,66],[-25,90],[-46,79],[-12,113],[4,81],[17,145],[-2,61],[-82,4],[-31,-30],[-63,0],[-88,-89],[-30,-11],[-4,35],[-34,14],[-19,66],[-58,-4],[-43,37],[-45,189],[76,53],[-14,98]],[[1552,3351],[127,-219],[26,-7],[79,15],[57,-19],[23,35],[95,0],[3,21],[64,0],[10,-22],[168,0],[0,135],[46,29],[-11,52],[13,99],[224,0],[10,26],[81,1],[-25,-72],[-1,-45],[365,1],[17,-27],[3,-68],[-24,-70],[-3,-65],[44,-100],[8,-53],[-23,-109],[-5,-135],[-14,-37],[17,-70],[59,-81],[30,-18],[12,-63],[32,-75],[-1,-76],[0,-50],[-42,-26],[23,-71],[-2,-54],[67,40],[20,27],[55,-19],[29,14],[54,-15],[138,43],[98,-20],[34,46],[15,-32],[3,-91],[14,-38],[-29,-70],[0,-183],[20,-59],[-29,-55],[-18,-72],[39,-67],[-225,0],[-359,0],[0,-426],[0,-285],[1,-284]],[[468,334],[-52,6],[-80,-25],[-97,-65],[-90,4],[-61,24],[-60,-37],[-20,11],[8,114],[11,27],[1,95],[-20,214],[26,2],[43,55],[19,121],[43,126],[19,26],[17,100],[-1,107],[23,64],[27,11],[9,90],[-6,40],[36,31],[89,113],[-1,52],[69,68],[53,3],[41,69],[39,39],[37,103],[7,54]],[[1604,202],[-271,0],[-370,0],[-246,0],[-76,-6],[-17,22],[-105,68],[-8,31],[-43,17]]],"transform":{"scale":[0.0034610928411896663,0.003178949152551473],"translate":[11.725759311000047,-18.031404723999884]},"objects":{"AGO_clustered":{"type":"GeometryCollection","geometries":[{"arcs":[[[0]],[[1,2,3,4]]],"type":"MultiPolygon","properties":{"game_region_idx":2,"region_idx":2}},{"arcs":[[5,6,-3,7]],"type":"Polygon","properties":{"game_region_idx":0,"region_idx":0}},{"arcs":[[8,-4,-7,9]],"type":"Polygon","properties":{"game_region_idx":1,"region_idx":1}}]}}}