{"type":"Topology","arcs":[[[1364,490],[20,5],[42,9],[72,5],[-72,-197]],[[1426,312],[-2,103],[-60,75]],[[1546,574],[107,1],[-102,-73],[-5,72]],[[1333,483],[31,7]],[[1426,312],[-118,-94],[-102,-77]],[[1206,141],[1,65],[0,32],[47,36],[-85,22]],[[1169,296],[38,69],[126,118]],[[1152,271],[17,25]],[[1206,141],[-125,-108],[-47,65],[-29,-30],[-149,-68],[148,185],[84,21],[64,65]]],"transform":{"scale":[0.00030386294088210444,0.00020924041699605766],"translate":[-63.42796790299991,18.16933828300006]},"objects":{"AIA_clustered":{"type":"GeometryCollection","geometries":[{"arcs":[[[0,1]],[[2]]],"type":"MultiPolygon","properties":{"game_region_idx":0,"region_idx":0}},{"arcs":[[3,-2,4,5,6]],"type":"Polygon","properties":{"game_region_idx":1,"region_idx":1}},{"arcs":[[7,-6,8]],"type":"Polygon","properties":{"game_region_idx":2,"region_idx":2}}]}}}