{"type":"Topology","arcs":[[[780,1221],[-19,49],[-100,-10],[-38,-22],[-82,43],[-29,-10],[-99,87],[-48,42],[-41,17],[-56,-24],[-84,19]],[[184,1412],[28,40],[-18,96],[13,35],[-40,13],[-63,24],[-44,-12],[-12,79],[18,97],[-66,63],[83,106],[11,35],[110,115],[11,38],[61,51],[25,-22],[9,-96],[50,-17],[99,30],[37,34],[62,-35],[42,-59],[19,-74],[67,-6],[109,-78],[31,-64],[32,-128],[-38,-75],[-26,-80],[19,-116],[-55,-19],[30,-82],[32,-26],[-40,-58]],[[857,1050],[43,-20],[25,-89],[41,-31],[46,22],[66,-13],[18,-76],[-15,-27],[60,-91],[-15,-66],[-66,-65],[-55,3],[-77,-128],[-39,-142],[-20,-9],[-118,-13],[-37,-51],[-43,-2],[5,-52],[49,-61],[-14,-37],[-47,15],[0,-56],[-34,-47],[-53,-14],[-96,42],[-23,40],[23,64],[-71,49],[23,20],[-56,80],[-68,26],[-177,94],[-61,59],[-60,96],[28,9],[53,-77],[39,11],[3,77],[-57,49],[-56,95]],[[21,734],[91,-1],[23,-28],[149,-63],[18,-70],[24,-5],[83,76],[158,-40],[64,-73],[32,-12],[94,61],[-13,109],[-26,5],[-58,95],[80,19],[34,34],[-57,91],[27,46],[78,31],[30,-8],[5,49]],[[21,734],[30,30],[9,67],[32,61],[60,26],[-4,57],[-34,19],[-4,98],[48,85],[-63,45],[-15,58],[78,81],[-49,52],[75,-1]],[[780,1221],[22,-81],[55,-90]]],"transform":{"scale":[0.0015465791498685008,0.0013734096332116694],"translate":[19.272032511000106,39.644299622000105]},"objects":{"ALB_clustered":{"type":"GeometryCollection","geometries":[{"arcs":[[0,1]],"type":"Polygon","properties":{"game_region_idx":2,"region_idx":2}},{"arcs":[[2,3]],"type":"Polygon","properties":{"game_region_idx":1,"region_idx":1}},{"arcs":[[-4,4,-1,5]],"type":"Polygon","properties":{"game_region_idx":0,"region_idx":0}}]}}}