{"type":"Topology","arcs":[[[816,380],[-12,-136],[-69,45],[22,104],[59,-13]],[[976,586],[-37,-115],[-11,74],[48,41]],[[555,249],[72,53],[67,-12],[66,-138],[-54,-56],[-151,153]],[[135,512],[8,-109],[-88,-43],[-55,90],[70,128],[65,-66]],[[424,312],[-84,-36],[-90,36],[69,39],[37,89],[103,14],[71,-51],[37,34],[0,-148],[-84,6],[-59,17]],[[1393,530],[-34,91],[71,-35],[-37,-56]],[[1170,218],[-34,-64],[-82,10],[47,73],[69,-19]],[[820,104],[62,73],[103,-25],[-40,-40],[-125,-8]]],"transform":{"scale":[0.0009372037198096378,0.0005995755815677761],"translate":[19.513194207000083,59.914129950000074]},"objects":{"ALD_clustered":{"type":"GeometryCollection","geometries":[{"arcs":[[[0]],[[1]],[[2]]],"type":"MultiPolygon","properties":{"game_region_idx":2,"region_idx":2}},{"arcs":[[[3]],[[4]]],"type":"MultiPolygon","properties":{"game_region_idx":0,"region_idx":0}},{"arcs":[[[5]],[[6]],[[7]]],"type":"MultiPolygon","properties":{"game_region_idx":1,"region_idx":1}}]}}}