{"type":"Topology","arcs":[[[173,314],[-38,-96],[1,-40]],[[136,178],[-63,-33],[-34,-22]],[[39,123],[-39,41],[41,118],[14,64],[69,13],[49,-45]],[[173,314],[112,-19],[28,-54],[-32,-60],[-55,-69]],[[226,112],[-90,66]],[[226,112],[-76,-72],[-58,-40],[-55,10],[-36,84],[38,29]]],"transform":{"scale":[0.0011061728306708174,0.0006147192311977156],"translate":[1.4064563390001013,42.42867747000004]},"objects":{"AND_clustered":{"type":"GeometryCollection","geometries":[{"arcs":[[0,1,2]],"type":"Polygon","properties":{"game_region_idx":0,"region_idx":0}},{"arcs":[[3,4,-1]],"type":"Polygon","properties":{"game_region_idx":1,"region_idx":1}},{"arcs":[[-2,-5,5]],"type":"Polygon","properties":{"game_region_idx":2,"region_idx":2}}]}}}