{"type":"Topology","arcs":[[[2597,1716],[-11,-161],[11,-57],[-36,-31],[-1,-11],[-22,-26],[-55,-30]],[[2483,1400],[-36,-2],[-16,-58]],[[2431,1340],[-60,79],[33,18],[-27,57],[-43,-2],[-58,-72],[6,-103]],[[2282,1317],[-70,10]],[[2212,1327],[-5,118],[-22,66],[20,36],[-30,92],[-83,68],[-66,0]],[[2026,1707],[53,56],[37,41],[12,34],[60,15],[65,80],[71,49],[74,88],[34,116],[46,8],[11,-38],[-17,-226],[38,-28],[64,-6],[13,-115],[10,-65]],[[2502,1656],[15,-10],[62,53],[-48,23],[-15,-12],[-14,-54]],[[2483,1400],[-52,-60]],[[2212,1327],[-139,-68],[-115,-5],[-33,27],[-72,212]],[[1853,1493],[42,29],[116,154],[15,31]],[[2282,1317],[10,-32],[-32,-54],[26,-138],[-28,-70],[96,-6],[35,-89],[-103,-47],[-87,11],[-102,-39],[40,-56],[4,-67],[-33,-59],[-17,-79],[-38,-53],[-29,-123],[-52,-98],[-19,-80],[-2,-185],[-44,-53],[-524,76],[-376,54],[-462,67],[-24,15],[-170,238],[-340,476],[-11,32],[0,150],[27,-16],[6,-71],[21,32],[24,-35],[22,43],[28,-184],[115,-8],[24,-16],[85,7],[63,21],[126,92],[3,30],[48,-35],[150,-4],[28,18],[79,-29],[-2,29],[60,-43],[99,13],[78,-45],[66,14],[81,-5],[145,52],[109,80],[32,-10],[55,85],[8,63],[-44,30],[36,22],[52,-39],[48,101],[-16,42],[36,45],[161,106]],[[1125,977],[36,45],[63,22],[67,-58],[-24,-21],[-96,-4],[-46,16]],[[1413,1021],[-42,28],[13,35],[29,-63]],[[541,1095],[40,-22],[-31,-36],[-9,58]],[[945,1043],[-74,9],[95,47],[29,40],[6,-54],[-56,-42]],[[1517,1156],[7,28],[40,-30],[-47,2]],[[1454,1063],[-45,14],[27,27],[18,-41]]],"transform":{"scale":[0.0018521947370041972,0.0015736580647219658],"translate":[51.57316166200013,22.620945943000052]},"objects":{"ARE_clustered":{"type":"GeometryCollection","geometries":[{"arcs":[[0,1,2,3,4,5],[6]],"type":"Polygon","properties":{"game_region_idx":0,"region_idx":0}},{"arcs":[[[7,-2]],[[-5,8,9]]],"type":"MultiPolygon","properties":{"game_region_idx":1,"region_idx":1}},{"arcs":[[[10,-9,-4]],[[11]],[[12]],[[13]],[[14]],[[15]],[[16]]],"type":"MultiPolygon","properties":{"game_region_idx":2,"region_idx":2}}]}}}