{"type":"Topology","arcs":[[[856,1186],[-88,54],[-78,-63],[-89,8]],[[601,1185],[-11,10],[-109,23],[-48,-12],[-58,40],[-54,-1],[-57,29],[2,65],[36,51],[-69,86],[5,50]],[[238,1526],[56,8],[39,36],[159,-35],[27,30],[107,1],[-14,33],[80,11],[22,-65],[66,-44],[-59,-10],[68,-64],[88,2],[-2,-37],[81,-66],[-19,-57],[-69,-45],[-12,-38]],[[601,1185],[5,-78],[26,-17],[72,-228],[-6,-55],[41,-142],[-15,-77]],[[724,588],[-133,-31],[-112,153],[-62,50],[-56,23],[-99,-23],[-53,10],[-109,57],[24,39],[-13,47],[-43,70],[14,44],[-27,35],[39,43],[34,98],[-8,69],[-47,121],[-64,39],[-9,56],[128,0],[110,38]],[[856,1186],[68,-140],[26,-28],[175,-116],[-47,-142],[-104,11],[-27,-28],[61,-22],[41,-66],[76,-55],[29,-53],[71,-67],[61,21],[82,-54],[-54,-57],[-14,-48],[53,-37],[48,-72],[-39,-20],[-43,18],[27,-64],[-1,-93],[17,-62],[-54,27],[-114,-39],[-79,191],[1,80],[-85,55],[9,129],[-35,13],[-111,-53],[-64,30],[-24,43],[-41,-22],[-11,78],[-30,44]]],"transform":{"scale":[0.0022570908251248975,0.001507298819254694],"translate":[43.44042810000013,38.86370127400001]},"objects":{"ARM_clustered":{"type":"GeometryCollection","geometries":[{"arcs":[[0,1,2]],"type":"Polygon","properties":{"game_region_idx":0,"region_idx":0}},{"arcs":[[-2,3,4]],"type":"Polygon","properties":{"game_region_idx":2,"region_idx":2}},{"arcs":[[5,-4,-1]],"type":"Polygon","properties":{"game_region_idx":1,"region_idx":1}}]}}}