{"type":"Topology","arcs":[[[6150,2637],[-65,-48],[16,87],[49,-39]],[[14944,574],[62,75],[49,-29],[-50,-111],[-54,-14],[-7,79]],[[15632,419],[-43,-137],[-77,-17],[78,-48],[-90,0],[-23,62],[-213,8],[-5,-144],[164,-67],[-44,77],[125,-8],[-67,-69],[57,-29],[-78,-47],[-135,27],[-39,126],[-59,-115],[-194,81],[-27,59],[-72,-41],[-9,-119],[-140,-15],[-6,93],[62,127],[12,113],[-59,65],[2,190],[46,-7],[-56,101],[53,19],[30,119],[60,11],[0,-105],[45,-44],[-29,-116],[55,-101],[113,84],[104,-86],[-123,8],[-10,-54],[78,-52],[97,0],[184,100],[53,-28],[40,63],[126,-15],[14,-69]]],"transform":{"scale":[0.001973862731768387,0.0012655264928012203],"translate":[39.69393964900007,-49.713555596999925]},"objects":{"ATF_clustered":{"type":"GeometryCollection","geometries":[{"arcs":[[0]],"type":"Polygon","properties":{"game_region_idx":1,"region_idx":1}},{"arcs":[[[1]],[[2]]],"type":"MultiPolygon","properties":{"game_region_idx":0,"region_idx":0}},{"type":null,"properties":{"game_region_idx":2,"region_idx":2}}]}}}