{"type":"Topology","arcs":[[[993,145],[-17,-72],[-108,27]],[[868,100],[-17,59],[65,18],[0,16],[-34,18],[4,119]],[[886,330],[59,-74],[67,-31],[68,-52],[-87,-28]],[[769,216],[28,91],[89,23]],[[868,100],[-138,41],[39,75]],[[813,956],[-21,-10],[-34,181],[56,25],[32,-52],[102,-34],[41,-93],[-12,-75],[-55,-12],[-109,70]]],"transform":{"scale":[0.0006235178444649031,0.0006845037680777525],"translate":[-62.345589180022046,16.93913955217448]},"objects":{"ATG_clustered":{"type":"GeometryCollection","geometries":[{"arcs":[[0,1,2]],"type":"Polygon","properties":{"game_region_idx":0,"region_idx":0}},{"arcs":[[3,-2,4]],"type":"Polygon","properties":{"game_region_idx":1,"region_idx":1}},{"arcs":[[5]],"type":"Polygon","properties":{"game_region_idx":2,"region_idx":2}}]}}}