{"type":"Topology","arcs":[[[2261,654],[-23,45],[-56,11],[-59,63],[-10,40],[-128,76],[-156,-62],[-62,27]],[[1767,854],[17,82],[-104,87],[13,108],[28,16],[37,-38],[64,33],[36,-7],[3,67],[-32,84],[8,34],[-73,37]],[[1764,1357],[37,117],[41,-9],[21,151],[96,-16],[143,-76],[46,9],[73,-71],[111,-18],[27,41],[71,-10],[6,-24],[72,-13],[28,-99],[-38,-118],[37,-54],[10,-71],[28,-30],[29,-66],[-49,-88],[24,-95],[-95,-20],[-64,46],[-69,-55],[76,-24],[20,-61],[-16,-43],[-74,-62],[-1,-67],[22,-150],[-72,4],[-84,-103]],[[2220,282],[-3,52],[40,63],[-40,214],[44,43]],[[1767,854],[-121,-88],[-52,20],[-46,-19],[-21,44],[-59,14],[-47,-35],[15,-72],[-19,-45],[-32,8],[17,-111],[57,-2],[48,-94],[-53,-120],[21,-20],[62,59],[59,24],[67,-36],[155,26],[54,-80],[9,-127],[24,-35]],[[1905,165],[-87,-28],[-21,-58],[-68,-45],[-17,-34],[-45,37],[-88,1],[-88,44],[-76,4],[-65,28],[-84,-7],[-57,28],[-80,7],[-54,26]],[[1075,168],[18,60],[75,16],[-106,207],[-87,19],[-60,-47]],[[915,423],[-24,7]],[[891,430],[-13,124],[75,32],[49,1],[75,102],[-39,87]],[[1038,776],[68,16],[5,-69],[56,-52],[33,14],[11,79],[-17,56],[-44,7],[34,76],[-49,83],[-35,85],[98,88],[82,26],[45,43],[39,128],[67,-39],[30,55],[4,96],[57,-37],[31,-71],[83,-21],[48,53],[80,-35]],[[206,288],[-90,57],[-1,46],[-95,26],[12,31],[-32,95],[44,91],[-35,76],[53,-1],[17,31],[67,-36],[42,-52],[0,-45],[40,8],[-5,-66],[45,19],[50,84],[-13,82],[38,-27],[28,20],[62,-28],[64,-77],[65,21],[31,-15],[52,65],[48,5],[23,46],[68,-9],[40,22],[78,-4],[4,63],[84,-9],[48,-31]],[[891,430],[-132,-65],[-51,17],[-96,-8],[-76,-46],[-33,-88],[-95,16],[-19,40],[-71,3],[-29,80],[-83,-91]],[[1075,168],[-91,23],[-47,61],[0,49],[-43,31],[-10,46],[31,45]],[[2220,282],[-20,-58],[-114,-16],[-59,-63],[-25,19],[-97,1]]],"transform":{"scale":[0.00293127710415064,0.001627024156559403],"translate":[9.52115482500011,46.37864308700007]},"objects":{"AUT_clustered":{"type":"GeometryCollection","geometries":[{"arcs":[[0,1,2,3]],"type":"Polygon","properties":{"game_region_idx":0,"region_idx":0}},{"arcs":[[-2,4,5,6,7,8,9]],"type":"Polygon","properties":{"game_region_idx":2,"region_idx":2}},{"arcs":[[[10,-9,11]],[[-7,12]]],"type":"MultiPolygon","properties":{"game_region_idx":1,"region_idx":1}},{"arcs":[[13,-5,-1,-4]],"type":"Polygon","properties":{"game_region_idx":3,"region_idx":3}}]}}}