{"type":"Topology","arcs":[[[274,1501],[-72,2],[-70,56],[61,9],[-68,37],[-22,57],[43,34],[69,54],[97,-8],[126,-58],[12,-56],[89,-37],[54,9],[64,7],[121,-86],[53,36],[33,101],[-26,36],[-151,94],[-7,35],[-45,48],[4,49],[49,6],[60,80],[43,-5],[27,-55],[56,28],[89,-73],[55,-86],[35,7],[33,-45],[40,-108],[45,-24],[90,-32],[58,1]],[[1319,1614],[-57,-236],[-20,-20],[-118,16],[-25,-130],[-32,-44],[-76,-41]],[[991,1159],[-20,37],[-176,-95],[-48,-29],[-50,7],[-73,18],[-92,5],[-29,-31]],[[503,1071],[-31,20],[-133,83],[-68,134],[47,42],[54,66],[-70,49],[-28,36]],[[991,1159],[49,-65],[4,-77],[64,1],[-57,-72],[-3,-68],[76,2],[-7,-41],[41,-62],[-12,-24],[69,18],[72,-96]],[[1287,675],[-113,-67],[-51,-51],[-72,-33],[-37,-68],[-69,-14],[-55,-72],[-105,-91],[-15,134],[-28,55],[82,6],[-47,59],[-54,31],[47,48],[21,44],[-82,46],[-62,-18],[-146,120],[-76,89],[-47,4],[13,38],[105,-9],[48,123],[-41,22]],[[125,569],[-43,27],[-38,110],[-22,3],[-22,41],[81,19],[36,20],[49,-49],[12,-69],[44,16],[71,-57],[131,44],[34,-12],[-11,-109],[62,-37],[38,-35],[-13,-47],[81,-166],[-166,44],[-105,17],[-44,20],[-41,92],[-88,28],[-18,55],[-28,45]],[[1665,1909],[53,71],[34,-26],[168,-212],[24,-42],[41,-125],[11,-47],[80,-99],[75,-56],[-3,-72],[80,-44],[49,-12],[106,11],[84,-50],[55,-76],[13,-82],[-52,61],[-57,17],[-65,-19],[-50,26],[-52,-54],[-90,-34],[-61,-79],[18,-52],[-27,-35],[-29,-150],[-33,-90],[56,-70],[-78,-62],[-1,-71],[-18,-80],[-52,-30],[26,79],[-77,47],[-22,-146],[-10,-22],[-22,-59],[7,-23],[3,-83],[2,-97],[-43,6],[-77,-28],[-33,42],[-54,86],[-47,-11],[-39,65],[-96,62],[21,73],[83,15],[27,25],[-14,52],[-58,42],[-8,67],[92,45],[-18,39],[-150,151],[-76,-29],[-74,-49]],[[1319,1614],[53,-6],[85,95],[24,57],[67,18],[76,50],[41,81]]],"transform":{"scale":[0.00221460725426294,0.001742005834995051],"translate":[44.77455855300013,38.39597788500002]},"objects":{"AZE_clustered":{"type":"GeometryCollection","geometries":[{"arcs":[[0,1,2,3]],"type":"Polygon","properties":{"game_region_idx":1,"region_idx":1}},{"arcs":[[[-3,4,5]],[[6]]],"type":"MultiPolygon","properties":{"game_region_idx":0,"region_idx":0}},{"arcs":[[7,-5,-2,8]],"type":"Polygon","properties":{"game_region_idx":2,"region_idx":2}}]}}}