{"type":"Topology","arcs":[[[626,788],[-57,59],[-52,63],[-40,8]],[[477,918],[15,162],[109,-57],[36,46],[74,8],[39,3],[69,-42],[-59,-141],[42,16],[-56,-102],[38,-46],[31,21],[48,-37],[98,-2],[-21,-27],[25,-71],[-17,-51],[-100,-51],[16,-22],[-90,-47],[-50,-96]],[[724,382],[-76,33],[-66,1]],[[582,416],[-11,107],[-23,39],[-30,6],[18,52],[-55,27],[-2,46],[147,95]],[[582,416],[-92,-93],[-45,47],[-36,-46],[4,85],[-29,5],[-30,-3],[-45,50],[-50,-85],[-142,3]],[[117,379],[3,70],[-6,83],[13,68],[3,84],[-4,29],[-126,117],[20,97],[51,12],[93,-32],[17,-83],[55,9],[101,8],[98,14],[42,63]],[[724,382],[-86,-114],[-18,-55],[-91,-117],[-53,-37],[-53,-9],[-35,-50],[-173,7],[-19,131],[-15,48],[-65,98],[1,95]]],"transform":{"scale":[0.001903941838341954,0.0019874373074074076],"translate":[28.99490157000008,-4.463344014999933]},"objects":{"BDI_clustered":{"type":"GeometryCollection","geometries":[{"arcs":[[0,1,2,3]],"type":"Polygon","properties":{"game_region_idx":0,"region_idx":0}},{"arcs":[[-1,-4,4,5]],"type":"Polygon","properties":{"game_region_idx":2,"region_idx":2}},{"arcs":[[6,-5,-3]],"type":"Polygon","properties":{"game_region_idx":1,"region_idx":1}}]}}}