{"type":"Topology","arcs":[[[264,866],[-57,13],[-65,-47],[-114,97],[8,83],[-36,87],[249,167],[92,31],[20,-90],[98,30],[71,-57],[49,1],[79,46],[43,65],[31,-67]],[[732,1225],[8,-95],[-56,-23],[24,-42],[-61,-74],[-13,-96],[-68,-40],[5,-27],[79,8],[1,-49],[34,20],[50,-67],[112,-17]],[[847,723],[5,-152],[-125,-45],[47,-16],[-16,-45],[28,-162]],[[786,303],[-119,28],[29,59],[-35,47],[32,85],[-74,60],[-116,3],[-33,-16],[-7,87],[-75,51],[-49,-18],[-30,23],[-19,123],[-26,31]],[[847,723],[167,69]],[[1014,792],[29,-70],[59,-43],[41,-78],[40,10],[14,35],[67,-21],[66,-70],[52,-19],[-7,52],[64,-24],[4,-112]],[[1443,452],[-62,-37],[-25,-82],[-40,-66],[10,-64],[60,-101],[-29,-68],[-70,0],[-69,-34],[-31,74],[-43,7],[-136,127],[-45,-7],[-6,100],[-23,30],[35,114],[-35,9],[-44,-48],[-10,-65],[-94,-38]],[[1014,792],[15,75],[34,-29],[35,136],[-59,25],[34,39],[-59,25],[11,27],[104,51],[-9,75]],[[1120,1216],[96,21],[30,-47],[117,-43],[-46,-171],[-39,-39],[14,-31],[31,-34],[66,-5],[78,-26],[41,-68],[8,-86],[56,-7],[16,-114],[-31,-4],[-114,-110]],[[732,1225],[-15,68],[54,-13],[-6,64],[43,22],[61,-39],[55,54],[60,-72],[42,57],[24,-69],[70,-81]]],"transform":{"scale":[0.0024261494077168692,0.0014489597011380021],"translate":[2.521799927545686,49.49522434372846]},"objects":{"BEL_clustered":{"type":"GeometryCollection","geometries":[{"arcs":[[0,1,2,3]],"type":"Polygon","properties":{"game_region_idx":0,"region_idx":0}},{"arcs":[[-3,4,5,6]],"type":"Polygon","properties":{"game_region_idx":1,"region_idx":1}},{"arcs":[[-6,7,8]],"type":"Polygon","properties":{"game_region_idx":2,"region_idx":2}},{"arcs":[[-8,-5,-2,9]],"type":"Polygon","properties":{"game_region_idx":3,"region_idx":3}}]}}}