{"type":"Topology","arcs":[[[1246,1442],[-350,-35],[-81,10],[-212,-11]],[[603,1406],[3,106],[39,38],[-38,17],[-101,137]],[[506,1704],[112,79],[67,109],[-38,69],[123,24],[73,35],[167,-124],[15,-33],[85,-29],[38,-44],[-37,-45],[-9,-54],[73,-81],[24,-10],[4,-94],[43,-64]],[[1246,1442],[-33,-73],[-42,10],[-33,-49],[34,-36],[-22,-68],[-36,-40],[-79,-21],[9,-34],[-86,-81],[9,-46],[-24,-53],[-44,-21],[-87,-1],[-18,-94],[8,-89],[-19,-58],[15,-35],[-25,-106],[22,-31],[-4,-44],[31,-59],[-21,-23],[14,-123],[-25,-17],[4,-59],[22,-33],[-24,-63],[-6,-45],[-90,-6],[-50,-4],[-151,-16],[-149,-24],[66,21],[-16,48],[-61,61],[-2,35],[0,53],[-23,36],[38,2],[-1,176],[0,28],[1,212],[-8,104],[-2,150],[-71,77],[-30,101],[-3,118]],[[234,1222],[107,-3],[81,31],[115,-3],[72,34],[-34,96],[28,29]],[[234,1222],[-6,13],[-228,121],[5,107],[33,33],[16,65],[31,28],[57,-10],[15,77],[46,-12],[69,74],[66,-28],[113,18],[55,-4]]],"transform":{"scale":[0.002462661758426992,0.003062054621830241],"translate":[0.768769164000048,6.213893947000088]},"objects":{"BEN_clustered":{"type":"GeometryCollection","geometries":[{"arcs":[[0,1,2]],"type":"Polygon","properties":{"game_region_idx":0,"region_idx":0}},{"arcs":[[3,4,-1]],"type":"Polygon","properties":{"game_region_idx":1,"region_idx":1}},{"arcs":[[-2,-5,5]],"type":"Polygon","properties":{"game_region_idx":2,"region_idx":2}}]}}}