{"type":"Topology","arcs":[[[2633,1484],[89,-82],[111,-19],[57,52],[53,-8],[29,-37],[23,-84],[-68,-18],[1,-33],[123,-177],[-38,-95],[-108,-107],[-51,8],[-107,-24],[-12,28],[-57,0],[-60,-89],[-43,16],[-14,-102],[-55,13],[-5,-45],[-111,6],[-73,-23],[-43,39],[-189,43],[-72,17],[-128,-110],[-27,37]],[[1858,690],[-28,87],[77,78],[6,48],[-71,14],[-69,64],[48,72],[41,9],[37,49],[51,7],[32,-72],[50,-12],[55,56],[11,54],[43,21],[-44,57],[-38,18],[14,50],[-30,21],[6,53],[-70,-39],[-86,16],[-23,73],[-53,132],[52,17],[10,100],[-38,142],[54,146],[-13,21],[-81,-52],[-116,-39],[-70,-9],[-54,22],[-23,48],[-63,-33],[-19,-42],[-48,73],[3,41],[-86,72]],[[1325,2053],[24,17],[22,122],[104,6],[134,94],[118,44],[112,109],[110,4],[16,-33],[73,27],[176,-67],[0,-77],[-26,-80],[19,-47],[72,-80],[-19,-54],[62,-118],[47,-74],[51,2],[76,-43],[84,-117],[-71,24],[-5,-122],[129,-106]],[[155,388],[-109,3],[-46,54],[35,181],[-28,87],[70,38],[40,123],[-6,66],[-25,13],[8,58],[-51,38],[50,4],[44,46],[168,40],[30,15]],[[335,1154],[73,-4],[13,-34],[-23,-96],[70,-8],[27,68],[99,14],[13,-35],[68,-55],[71,14],[-10,22],[48,73],[51,5],[25,-36],[76,-7],[-51,83],[119,-12],[34,-74],[-32,-44],[54,-12],[36,-61],[5,-40],[55,-55],[-74,-23],[-34,-44],[65,-53],[-36,-54]],[[1077,686],[-33,-24],[-40,-94],[23,-106],[34,-17],[-27,-35],[32,-34],[-12,-74],[20,-112],[-22,-49],[40,-99],[-28,-42],[-57,65],[-30,71],[-41,11],[-41,75],[-177,18],[-89,-24],[-63,-41],[-77,-21],[-26,-61],[-69,20],[-1,38],[-69,-26],[-60,81],[-49,13],[-4,67],[-55,65],[-1,37]],[[1858,690],[-274,8],[-71,-7],[-436,-5]],[[335,1154],[64,107],[31,-6],[-17,55],[25,41],[-38,80],[92,6],[7,95],[-47,72],[146,152],[-5,-32],[72,-21],[78,-64],[47,-13],[10,42],[77,12],[-14,107],[7,75],[77,-47],[52,13],[1,70],[34,105],[63,42],[83,60],[120,-54],[25,2]]],"transform":{"scale":[0.0025934929495247364,0.002322590813801545],"translate":[-5.522578084999878,9.391882629000108]},"objects":{"BFA_clustered":{"type":"GeometryCollection","geometries":[{"arcs":[[0,1,2]],"type":"Polygon","properties":{"game_region_idx":1,"region_idx":1}},{"arcs":[[3,4,5]],"type":"Polygon","properties":{"game_region_idx":0,"region_idx":0}},{"arcs":[[-2,6,-5,7]],"type":"Polygon","properties":{"game_region_idx":2,"region_idx":2}}]}}}