{"type":"Topology","arcs":[[[1905,844],[2,-72],[-51,3],[-39,-46],[7,-37],[-48,-3],[-19,-46],[60,-3],[52,-63],[-10,-33],[81,-107],[10,-52],[-72,11],[-89,-49],[-94,100],[-78,-5],[-37,-45],[-109,-14],[-24,-46]],[[1447,337],[-52,51],[-89,35],[-4,58],[-37,-2],[-66,203],[18,15],[-25,113],[84,18],[40,69],[-40,78],[10,98],[-22,18],[-29,29],[-94,12],[-66,78],[4,65]],[[1079,1275],[103,33],[127,147],[62,22],[157,32],[82,32],[77,-29],[46,-56],[93,5],[9,-20],[79,4],[24,-76],[83,-46],[122,-11],[9,-106],[-45,-90],[-52,32],[-81,-38],[-49,-104],[-20,-162]],[[1447,337],[-61,-34],[-15,-55],[-77,8],[-17,-44],[40,-104],[-19,-46],[-82,-28],[-113,6],[-92,-40],[-45,36]],[[966,36],[-4,113],[-33,-12],[-18,52],[33,12],[-8,90],[53,57],[31,45],[6,71],[-83,34],[21,51],[-14,60],[18,57],[-46,17],[-5,109],[0,5],[-50,120],[41,109],[30,-7],[13,51],[40,30],[-31,66],[51,120]],[[1011,1286],[68,-11]],[[130,1126],[-70,46],[-16,85],[-42,90],[17,98],[70,45],[30,78],[117,-71],[-50,-52],[12,-84],[45,5],[94,23],[102,-28],[185,-42],[61,3]],[[685,1322],[-17,-49],[-58,-40],[43,-80],[-5,-49],[-86,-26],[16,-43],[-17,-80],[60,-79],[3,-67],[81,-14],[4,-101],[-61,35],[-67,-40],[-45,9],[46,-85],[-94,-121],[19,-69],[-18,-36],[19,-80],[86,-73],[43,-72]],[[637,162],[-52,-12],[0,-37],[-52,5],[-97,-49],[-112,14],[-59,-45],[-68,13],[5,130],[27,69],[-45,82],[-12,71],[-108,64],[-64,96],[56,48],[6,54],[-29,66],[-5,93],[27,31],[81,16],[67,97],[16,54],[-89,104]],[[966,36],[-92,49],[-39,-28],[-61,43],[-30,69],[-76,-23],[-31,16]],[[685,1322],[56,21],[71,-29],[88,3],[111,-31]]],"transform":{"scale":[0.002908226302973993,0.0019062745420917722],"translate":[22.345023234000053,41.23939605700009]},"objects":{"BGR_clustered":{"type":"GeometryCollection","geometries":[{"arcs":[[0,1,2]],"type":"Polygon","properties":{"game_region_idx":3,"region_idx":3}},{"arcs":[[3,4,5,-2]],"type":"Polygon","properties":{"game_region_idx":1,"region_idx":1}},{"arcs":[[6,7,8]],"type":"Polygon","properties":{"game_region_idx":0,"region_idx":0}},{"arcs":[[-5,9,-8,10]],"type":"Polygon","properties":{"game_region_idx":2,"region_idx":2}}]}}}