{"type":"Topology","arcs":[[[158,591],[123,1],[34,-31],[-86,-13]],[[229,548],[-71,43]],[[229,548],[102,-7],[-6,-80]],[[325,461],[-136,29]],[[189,490],[40,58]],[[304,624],[80,-2],[27,-66],[-107,68]],[[139,418],[-57,91],[13,67],[63,15]],[[189,490],[21,-65],[-71,-7]],[[325,461],[-19,-216],[-56,-58],[-27,57],[-130,118],[46,56]],[[561,127],[-27,-127],[-17,96],[44,31]]],"transform":{"scale":[0.0006715890135426136,0.0011201292597670194],"translate":[50.397703967791486,25.579890923319237]},"objects":{"BHR_clustered":{"type":"GeometryCollection","geometries":[{"arcs":[[[0,1]],[[2,3,4]],[[5]]],"type":"MultiPolygon","properties":{"game_region_idx":2,"region_idx":2}},{"arcs":[[6,-2,-5,7]],"type":"Polygon","properties":{"game_region_idx":0,"region_idx":0}},{"arcs":[[[8,-8,-4]],[[9]]],"type":"MultiPolygon","properties":{"game_region_idx":1,"region_idx":1}}]}}}