{"type":"Topology","arcs":[[[3863,360],[-31,-18],[-14,55],[50,37],[48,-39],[-53,-35]],[[3482,100],[78,83],[73,31],[27,-45],[53,-20],[55,23],[64,106],[27,-25],[-16,-90],[-57,-109],[-106,-37],[-21,17],[-86,-26],[-64,15],[-26,-23],[-34,72],[33,28]],[[3781,969],[4,64],[222,-74],[-25,-37],[-49,43],[-152,4]],[[3277,1165],[24,42],[61,8],[-9,-169],[-87,-100],[-100,-50],[2,32],[161,118],[-4,77],[-69,19],[21,23]],[[3105,1215],[-38,60],[73,-4],[20,-37],[105,-27],[-44,-42],[-116,50]],[[2216,1753],[72,-67],[-81,28],[-103,81],[-1,56],[113,-98]],[[2769,1380],[11,-80],[-89,146],[-67,14],[-73,48],[94,-37],[-37,47],[7,97],[-76,106],[-37,121],[69,-105],[59,-140],[10,-89],[77,-52],[52,-76]],[[2745,1865],[72,-4],[-25,-33],[-72,5],[25,32]],[[2998,2076],[-52,-46],[17,98],[42,27],[-7,-79]],[[2501,2206],[14,-48],[-136,12],[63,33],[-93,184],[-109,115],[29,26],[48,-36],[8,-56],[81,-128],[95,-102]],[[1072,2485],[8,-107],[-84,-45],[-22,-38],[-84,-41],[-49,77],[0,65]],[[841,2396],[37,63],[76,28],[118,-2]],[[1025,2048],[-23,55],[-48,23],[60,73],[97,64],[26,-36],[-75,-72],[32,-31],[-23,-39],[20,5],[60,117],[34,-62],[20,-138],[-17,-87],[-31,-39],[-46,21],[48,61],[-74,-46],[-39,46],[-21,85]],[[1226,2723],[-48,18],[62,39],[113,-13],[-127,-44]],[[1912,2929],[119,-124],[-25,-89],[11,-53],[-34,-162],[-25,64],[-48,47],[58,-10],[29,119],[3,94],[-58,43],[-41,61],[-152,92],[-105,1],[24,93],[62,-68],[96,-72],[86,-36]],[[568,3751],[-28,-18],[-71,2],[-136,129],[167,-87],[81,83],[-39,13],[29,64],[70,-65],[110,-18],[186,29],[33,31],[-8,-91],[-66,13],[-218,-43],[-110,-42]],[[1373,3586],[0,109],[41,78],[-89,20],[-37,70],[-31,-3],[-53,105],[-139,18],[-94,28],[82,4],[155,-39],[108,-107],[34,-56],[124,-64],[16,-116],[-84,-90],[-10,-203],[-21,-21],[-52,71],[-43,10],[24,43],[73,50],[-4,93]],[[841,2396],[-54,-24],[-74,43],[-54,63],[78,57],[-5,-86],[72,25],[-56,105],[50,57],[29,93],[-33,123],[100,-1],[40,-30],[-6,-84],[31,-24],[36,-92],[80,-93],[-3,-43]]],"transform":{"scale":[0.0016991139528325441,0.0014980904744707451],"translate":[-79.56334387899994,20.912398909000046]},"objects":{"BHS_clustered":{"type":"GeometryCollection","geometries":[{"arcs":[[[0]],[[1]],[[2]],[[3]],[[4]],[[5]],[[6]],[[7]],[[8]],[[9]]],"type":"MultiPolygon","properties":{"game_region_idx":0,"region_idx":0}},{"arcs":[[[10,11]],[[12]],[[13]],[[14]],[[15]],[[16]]],"type":"MultiPolygon","properties":{"game_region_idx":1,"region_idx":1}},{"arcs":[[17,-12]],"type":"Polygon","properties":{"game_region_idx":2,"region_idx":2}}]}}}