{"type":"Topology","arcs":[[[716,598],[-55,53],[27,64],[-52,47],[-31,68],[6,64],[-44,79],[-1,74],[102,-9],[37,-42],[91,5],[73,53],[-32,94],[20,45]],[[857,1193],[51,0],[48,-78],[59,-2],[3,-72],[84,-79],[9,-55],[92,-32],[-10,-15],[67,-16],[125,-95],[7,17]],[[1392,766],[87,-106],[8,-111],[-54,26],[-51,-42],[-123,-24],[65,-101],[-30,-23],[-37,47],[-93,-66],[-10,-118],[-74,-15],[6,-125],[33,-72],[-71,-36],[-58,30],[-144,105],[-19,52],[-62,-11],[-39,24],[42,18],[-25,59],[-62,44],[-69,112],[-11,70],[-70,27]],[[531,530],[94,6],[79,27],[12,35]],[[809,1411],[-17,-165],[23,-53],[42,0]],[[531,530],[-138,136],[-13,38],[-105,120],[-34,15],[-44,69],[-4,80],[-35,95],[-88,109],[-35,-12],[-35,50],[22,33],[3,175],[17,28],[69,4],[85,-104],[52,-6],[54,100],[42,12],[78,-24],[55,59],[104,-76],[32,23],[120,-38],[44,24],[32,-29]],[[809,1411],[28,-26],[72,47],[49,-29],[38,33],[84,-40],[12,-10],[82,7],[39,-41],[21,-72],[53,-8],[78,35],[77,-21],[-16,-85],[-58,-109],[-29,-86],[28,-54],[58,-12],[15,-41],[101,-86],[-26,-29],[-123,-18]]],"transform":{"scale":[0.002531843373134261,0.0017983616436629585],"translate":[15.717314087000148,42.574392828]},"objects":{"BIH_clustered":{"type":"GeometryCollection","geometries":[{"arcs":[[0,1,2,3]],"type":"Polygon","properties":{"game_region_idx":2,"region_idx":2}},{"arcs":[[4,-1,-4,5]],"type":"Polygon","properties":{"game_region_idx":0,"region_idx":0}},{"arcs":[[6,-2,-5]],"type":"Polygon","properties":{"game_region_idx":1,"region_idx":1}}]}}}