{"type":"Topology","arcs":[[[30,278],[32,350],[-1,155]],[[61,783],[53,28],[115,7],[32,16],[79,-2],[103,24]],[[443,856],[37,8],[6,-128],[16,-33],[-40,-38],[194,3],[35,14]],[[691,682],[49,-61],[4,-37],[-48,-34],[23,-44],[-37,-21],[-3,-65],[-64,-55],[3,-30],[-107,-121],[-84,6],[-65,-30],[-5,-41],[-133,-93],[10,-49],[-193,4],[-37,-11],[-4,40],[30,238]],[[61,783],[-8,316],[21,37],[61,16],[124,-60],[105,89],[29,68],[61,38]],[[454,1287],[87,-33],[54,-52],[100,-65],[-162,-29],[-39,-16],[-7,-109],[-53,-39],[9,-88]],[[454,1287],[91,129],[132,-1],[16,-11],[-71,-42],[49,-6],[-32,-36],[75,29],[47,-11],[75,17],[0,-138],[-55,-86],[-30,-43],[-5,-59],[-50,-105],[85,-37],[-47,-8],[-40,-86],[-3,-111]],[[1029,905],[33,-18],[-46,-53],[-47,6],[78,36],[-18,29]],[[967,1167],[-39,-61],[45,130],[41,-11],[-47,-58]]],"transform":{"scale":[0.0013663508945386124,0.0018387467259886562],"translate":[-89.23413509199995,15.880840556000107]},"objects":{"BLZ_clustered":{"type":"GeometryCollection","geometries":[{"arcs":[[0,1,2,3]],"type":"Polygon","properties":{"game_region_idx":0,"region_idx":0}},{"arcs":[[4,5,-2]],"type":"Polygon","properties":{"game_region_idx":1,"region_idx":1}},{"arcs":[[[-6,6,-3]],[[7]],[[8]]],"type":"MultiPolygon","properties":{"game_region_idx":2,"region_idx":2}}]}}}