{"type":"Topology","arcs":[[[555,398],[-52,75],[146,165],[90,-93],[-26,-82],[-113,62],[-53,-56],[42,-53],[-11,-62],[-29,-24],[-97,-87]],[[452,243],[-32,66]],[[420,309],[17,24],[36,6],[55,29],[27,30]],[[318,249],[102,60]],[[452,243],[-73,-73],[-87,-95],[-85,-50]],[[207,25],[-57,25]],[[150,50],[114,88],[57,55],[-17,-3],[-32,-4],[46,63]],[[230,172],[-11,-20],[11,20]],[[54,92],[96,-42]],[[207,25],[-145,-25],[-62,78],[1,180],[69,-35],[-16,-131]]],"transform":{"scale":[0.0003146540830081071,0.00021913071826835858],"translate":[-64.88016007298353,32.24885254674482]},"objects":{"BMU_clustered":{"type":"GeometryCollection","geometries":[{"arcs":[[0,1,2]],"type":"Polygon","properties":{"game_region_idx":2,"region_idx":2}},{"arcs":[[3,-2,4,5,6]],"type":"Polygon","properties":{"game_region_idx":0,"region_idx":0}},{"arcs":[[8,-6,9]],"type":"Polygon","properties":{"game_region_idx":1,"region_idx":1}}]}}}