{"type":"Topology","arcs":[[[709,1862],[-37,-38],[-2,-59],[36,-54],[-4,-52],[13,-71],[-42,-20],[-20,-55],[29,-33],[13,-76],[-36,-21],[-40,39],[-37,-12],[-112,-76],[-13,-31],[-89,54],[-91,-10],[-80,-72],[-53,-19]],[[144,1256],[-54,17],[-8,44],[-43,57],[-1,48],[-38,29],[11,26],[48,26],[58,89],[38,19],[0,51],[45,28],[-32,40],[-58,15],[-50,128],[31,75],[37,35],[-60,69],[7,46],[23,10],[5,40],[63,56],[-4,34],[31,9],[-25,62],[-8,57],[-21,22],[29,30],[5,69],[-4,108],[58,52],[13,45],[-218,399],[45,4],[157,-19],[-8,-30],[43,4],[79,34],[48,73],[58,10],[35,-12],[33,53],[61,45],[67,18],[40,42],[67,49],[109,27],[118,12],[31,-21],[32,40],[37,-37],[-7,-27],[11,-74],[-27,-46],[-13,-20],[12,-89],[24,-46],[-23,-42],[26,-91],[17,-3],[6,-58],[32,-3],[17,-63],[51,-10],[18,-29],[61,-30],[18,-51],[117,-22],[30,23],[75,-25],[25,-29],[78,3],[25,-52],[41,-35],[94,-35],[63,1],[79,-107],[63,7]],[[1987,2430],[-349,-207],[-138,-81],[-96,-31],[3,-90],[21,-55],[59,-85],[31,-17],[39,-58],[-324,17]],[[1233,1823],[-125,-15],[-41,-96],[-31,-23],[-85,-25],[-46,5],[-61,33],[-65,90],[-70,70]],[[1233,1823],[-18,-19],[17,-50],[-6,-70],[-30,-85],[39,-73],[67,-46],[35,-37],[-81,-111],[-35,-35],[69,-136],[30,-24],[-9,-41],[35,-70],[33,-18],[12,-42],[35,35],[32,-5],[-6,-59],[10,-179],[18,-126],[38,-2],[32,26],[20,-30],[265,1]],[[1835,627],[-16,-28],[1,-109],[-1,-17],[-92,-303],[-35,32],[-3,28],[-206,2],[-24,-14],[-51,11],[-53,-111],[-22,-27],[-23,-84],[-27,58],[6,26],[-35,51],[-4,34],[-106,30],[-42,0],[-137,-4],[-86,72],[-36,11],[-14,-67],[-19,-20],[-89,-25],[-12,-53],[-61,-25],[-1,-33],[-38,-44],[-87,-18],[-81,15],[4,69],[-21,55],[-11,77],[-27,27],[-25,99],[-2,74],[-51,84],[-39,23],[23,64],[-51,28],[-20,33],[22,16],[-24,62],[46,8],[9,52],[-36,28],[30,48],[32,33],[-53,42],[-80,85],[8,23],[-19,98],[-30,87],[18,26]],[[1987,2430],[109,-4],[25,15],[119,-79],[23,-8],[21,-49],[-20,-30],[1,-45],[42,-91],[5,-120],[-76,-1],[85,-105],[14,-186],[12,-13],[410,-15],[31,10],[-4,-57],[-31,-45],[25,-151],[91,-59],[54,-15],[15,-76],[44,-87],[-57,-188],[-2,-39],[-82,-173],[65,-65],[-74,-48],[-4,89],[-225,138],[-225,-3],[-432,-93],[-45,-115],[-66,-95]]],"transform":{"scale":[0.004062847203219296,0.0038629039742690222],"translate":[-69.66649226999988,-22.892503356999967]},"objects":{"BOL_clustered":{"type":"GeometryCollection","geometries":[{"arcs":[[0,1,2,3]],"type":"Polygon","properties":{"game_region_idx":2,"region_idx":2}},{"arcs":[[-1,-4,4,5]],"type":"Polygon","properties":{"game_region_idx":0,"region_idx":0}},{"arcs":[[-5,-3,6]],"type":"Polygon","properties":{"game_region_idx":1,"region_idx":1}}]}}}