{"type":"Topology","arcs":[[[235,397],[60,-54],[111,-64]],[[406,279],[-90,-84],[-10,-34],[-125,-43],[-66,-50]],[[115,68],[-46,20],[-42,99],[-12,38],[-10,162]],[[5,387],[98,7],[11,-53],[44,-14],[29,59],[48,11]],[[184,492],[51,-95]],[[5,387],[-5,72],[2,76],[46,56],[40,14],[40,-20],[41,-63],[15,-30]],[[388,73],[-72,-60],[-60,-13],[-62,55],[-79,13]],[[406,279],[63,-24],[26,-30],[-7,-71],[-100,-81]]],"transform":{"scale":[0.00045658846644534845,0.0004849184314049907],"translate":[-59.65292125089038,13.051174221000053]},"objects":{"BRB_clustered":{"type":"GeometryCollection","geometries":[{"arcs":[[0,1,2,3]],"type":"Polygon","properties":{"game_region_idx":1,"region_idx":1}},{"arcs":[[4,-4,5]],"type":"Polygon","properties":{"game_region_idx":0,"region_idx":0}},{"arcs":[[6,-2,7]],"type":"Polygon","properties":{"game_region_idx":2,"region_idx":2}}]}}}