{"type":"Topology","arcs":[[[415,282],[46,-87],[0,-51],[32,-46],[-90,17],[-32,114],[44,53]],[[276,279],[107,49],[-39,-75],[-75,-28],[15,-74],[23,-23],[-19,-39]],[[288,89],[-72,70],[-37,51]],[[179,210],[97,69]],[[288,89],[-10,-54],[-65,-35],[-61,76],[-49,1],[-14,69],[-89,38],[92,-3],[87,29]]],"transform":{"scale":[0.0027625782920895204,0.0031483800792683554],"translate":[113.99878991000003,4.021435242000038]},"objects":{"BRN_clustered":{"type":"GeometryCollection","geometries":[{"arcs":[[0]],"type":"Polygon","properties":{"game_region_idx":0,"region_idx":0}},{"arcs":[[1,2,3]],"type":"Polygon","properties":{"game_region_idx":1,"region_idx":1}},{"arcs":[[-3,4]],"type":"Polygon","properties":{"game_region_idx":2,"region_idx":2}}]}}}