{"type":"Topology","arcs":[[[1520,855],[104,-26],[4,-65],[-35,-21],[39,-25],[-32,-83],[9,-74],[74,-57],[139,8],[28,-17],[34,-95],[-44,-85],[-11,-48],[54,-110],[-27,-55],[-80,18],[-8,-52],[-47,33],[-52,-33],[-102,-4],[-25,45],[-39,3],[-73,-63],[-44,18],[-104,-12],[-38,-3]],[[1244,52],[2,32],[-79,-2],[-18,50],[-54,35],[-7,61],[-85,54],[70,23],[-20,30],[57,32],[10,63],[61,-15],[55,28],[22,14],[-14,197],[-42,69],[-80,92],[15,84]],[[1137,899],[87,-15],[37,-34],[66,-7],[47,57],[64,23],[82,-68]],[[980,910],[117,10],[40,-21]],[[1244,52],[-128,-8],[-73,8],[-115,75],[-115,-40],[-50,-60],[-188,-27]],[[575,0],[4,66],[11,91],[-21,62],[-35,0],[-32,73],[48,80],[-11,66],[70,107],[-32,32],[-38,-21],[-46,117],[-32,42],[-40,-1],[41,86],[-76,55]],[[386,855],[81,96],[109,34],[60,73],[117,33],[46,-15],[41,24],[37,-64],[35,25],[131,-44],[-63,-107]],[[82,385],[68,33],[-26,68],[12,56],[44,60],[42,5],[45,88],[11,40],[62,40],[46,80]],[[575,0],[-88,13],[8,30],[-136,48],[-153,-11],[-56,67],[-62,37],[-20,-22],[-13,101],[-55,36],[40,70],[42,16]]],"transform":{"scale":[0.001780670015392827,0.0015067366935619603],"translate":[88.73006677200004,26.70098856786808]},"objects":{"BTN_clustered":{"type":"GeometryCollection","geometries":[{"arcs":[[0,1,2]],"type":"Polygon","properties":{"game_region_idx":1,"region_idx":1}},{"arcs":[[3,-2,4,5,6]],"type":"Polygon","properties":{"game_region_idx":2,"region_idx":2}},{"arcs":[[7,-6,8]],"type":"Polygon","properties":{"game_region_idx":0,"region_idx":0}}]}}}