{"type":"Topology","arcs":[[[1173,1829],[-192,0],[1,-231],[33,-16],[-3,-64],[-146,-14],[-48,47],[-54,-27],[0,-158],[305,-453]],[[1069,913],[-38,-85],[-428,2],[-603,1]],[[0,831],[0,303],[195,0],[2,8],[-1,224],[0,231],[-1,232],[0,158],[98,5],[295,64],[65,3],[37,-53],[18,-56],[115,104],[47,17],[16,-24],[43,38],[45,25],[11,-9],[49,8],[-6,-32],[31,-48],[24,-61],[49,-53],[11,-43],[30,-43]],[[1173,1829],[-2,-28],[34,-88],[31,-17],[4,-18],[82,-66],[58,-17],[37,-23],[13,-56],[-3,-34],[64,6],[21,-9],[-5,-134],[43,-55],[19,-52],[57,-11],[36,-14],[32,2],[80,-34],[6,-59],[33,-5],[22,-26],[-59,-8],[-27,-54],[-76,-31],[-36,0],[-79,-88],[-8,-26],[-24,-11],[-4,-22],[-28,1],[-12,-34],[-39,-7],[-43,-31],[-32,-51]],[[1368,729],[-48,-47],[-137,89],[-35,50],[-21,9],[-58,83]],[[1368,729],[-23,-116],[-62,-49],[-25,-40],[-46,-7],[-59,-20],[2,-32],[-44,-134],[-13,-36],[-39,-29],[-66,1],[-49,-21],[-58,17],[-40,8],[-14,17],[-59,5],[-36,37],[-55,43],[-38,4],[-51,-11],[-32,-39],[-19,-64],[-5,-53],[-34,-51],[-57,-31],[-39,-64],[-54,-14],[-18,-42],[-60,8],[-51,-10],[-53,14],[-32,-20],[-16,48],[3,60],[43,68],[-9,55],[-30,65],[-6,43],[-48,92],[-48,34],[-27,31],[-1,335]]],"transform":{"scale":[0.005107208556403238,0.0043143943075829565],"translate":[19.978345988000115,-26.891794127999987]},"objects":{"BWA_clustered":{"type":"GeometryCollection","geometries":[{"arcs":[[0,1,2]],"type":"Polygon","properties":{"game_region_idx":0,"region_idx":0}},{"arcs":[[3,4,-1]],"type":"Polygon","properties":{"game_region_idx":1,"region_idx":1}},{"arcs":[[5,-2,-5]],"type":"Polygon","properties":{"game_region_idx":2,"region_idx":2}}]}}}