{"type":"Topology","arcs":[[[831,515],[116,48],[59,-5],[85,70],[65,-23],[80,61],[79,35],[24,42],[123,-36],[97,45],[46,90]],[[1605,842],[-1,-63],[46,-62]],[[1650,717],[-60,-82]],[[1590,635],[-46,-17],[-16,-56],[-143,-125],[37,-58],[-12,-70],[-61,-47],[-21,-82],[-57,-17],[-44,-68],[-90,14],[-34,38],[-66,18],[-118,-77],[-49,6],[-67,-34],[-77,10],[-99,160],[-42,1],[2,74],[-53,12],[35,136],[-50,76],[24,60],[-16,25],[-98,27],[-85,-8],[-119,-54],[-56,-86],[42,-70],[-113,-102],[-98,-9],[0,83],[86,34],[19,86],[11,39],[-53,50],[6,52],[54,81],[-9,45],[88,85],[106,81],[9,92],[0,93],[102,43],[51,76],[106,107]],[[576,1359],[8,-3],[19,-76],[105,34],[33,-69],[-45,-66],[27,-11],[101,26],[-7,-97],[98,-17],[-27,-36],[-1,-134],[46,-32],[-41,-52],[-1,-52],[-50,-32],[-28,-173],[18,-54]],[[1650,717],[47,54],[84,-2],[1,113],[84,46],[42,75],[86,5],[25,50],[49,-6],[82,57],[144,-27],[47,91],[-36,81]],[[2305,1254],[126,-8],[123,-41],[3,-76],[163,-94],[59,20],[22,57],[87,73],[60,-59],[-20,-183],[-39,-84],[64,-69],[-27,-69],[-85,16],[-68,76],[-68,-23],[-36,-72],[6,-101],[60,-19],[-28,-85],[44,-67],[-76,-43],[-51,137],[-43,16],[-124,-30],[-23,-51],[-75,1],[-71,78],[-9,123],[-40,-23],[-30,33],[-44,-17],[3,-177],[-68,-138],[-60,-54],[-9,-58],[-37,-23],[-13,-67],[50,-91],[-37,-62],[-67,6],[8,57],[-27,64],[-68,37],[44,84],[-67,41],[-86,16],[-60,86],[-54,43],[10,186],[-37,15]],[[1726,1853],[-89,-18],[-43,26],[47,99],[90,31],[78,-48],[-2,-53],[53,26],[35,-49],[36,-20],[72,27],[168,-29],[180,-116],[4,-18],[63,-65],[0,-43],[-95,-168],[-13,-68],[18,-69],[-23,-44]],[[1605,842],[25,115],[-36,6],[-16,14],[-64,-31],[-73,0],[-75,30],[-44,-10],[-70,73],[4,74],[50,79],[-52,46],[9,81],[-31,104],[-11,38],[52,70],[52,-10],[31,51],[-48,79],[-69,89],[-44,-33],[-36,38]],[[1159,1745],[60,45],[61,-35],[114,7],[61,49],[71,0],[87,-35],[66,41],[20,-25],[16,-2],[11,63]],[[1023,1758],[91,33],[-8,-45],[53,-1]],[[576,1359],[78,78],[1,46],[56,50],[-26,28],[-90,-14],[94,146],[112,-11],[-9,-45],[51,-26],[60,14],[34,2],[21,17],[16,37],[26,12],[23,65]]],"transform":{"scale":[0.0015266159580087661,0.0009914036584631328],"translate":[5.958529907000127,45.82071848599999]},"objects":{"CHE_clustered":{"type":"GeometryCollection","geometries":[{"arcs":[[0,1,2,3,4]],"type":"Polygon","properties":{"game_region_idx":1,"region_idx":1}},{"arcs":[[-3,5,6]],"type":"Polygon","properties":{"game_region_idx":0,"region_idx":0}},{"arcs":[[7,-6,-2,8,9]],"type":"Polygon","properties":{"game_region_idx":3,"region_idx":3}},{"arcs":[[10,-9,-1,-5,11]],"type":"Polygon","properties":{"game_region_idx":2,"region_idx":2}}]}}}