{"type":"Topology","arcs":[[[1317,638],[-6,-40],[60,-84],[9,-70],[23,-26],[86,-18],[59,1],[48,-22],[62,40],[13,-250]],[[1671,169],[-119,1],[-17,37],[-141,-3],[-19,-9],[-135,24],[-42,-10],[-146,1],[-27,13],[-103,-7],[-10,-45],[-432,0],[-58,33],[4,100],[18,107],[26,67],[-10,63],[-93,90],[-15,74],[8,39],[47,27],[-47,1],[-38,48],[-16,-8],[8,-54],[-48,2],[-116,60],[6,39],[-31,81],[13,31],[-69,9],[-7,-26],[-62,8],[30,119],[64,93],[30,155],[-24,27],[12,49],[43,30],[199,193],[30,7],[25,80],[34,5],[79,69],[39,-41],[83,1],[27,86],[8,-25],[74,-38],[15,-43],[58,-39],[13,-84],[34,-4]],[[873,1602],[-4,-49],[35,-12],[-2,-88],[105,26],[56,41],[61,22],[29,-26],[80,5],[69,-64],[116,-1]],[[1418,1456],[-2,-31],[62,-118],[-30,-76],[-49,-10],[62,-63],[10,-42],[46,-21],[17,-37],[-9,-75],[-78,-4],[-30,-23],[-35,-124],[8,-24],[-93,-63],[34,-43],[-14,-64]],[[1584,2835],[14,12],[42,176],[58,85],[3,28],[74,87],[60,-12],[138,86],[9,45],[-24,30],[40,150],[-50,52],[-109,21],[-1,54],[-36,178],[114,1],[55,-112],[76,-36],[28,-105],[-1,-60],[47,-21],[-2,-61],[22,-40],[-13,-41],[21,-43],[-24,-39],[-13,-78],[15,-131],[76,-161],[76,-77],[47,-30],[-97,-21],[-54,18],[-157,-20],[-94,24],[-79,-5],[-81,-115],[121,-132],[9,-25],[271,-231],[52,-115],[31,-99],[40,-16],[-13,-72],[-60,-85],[-30,-19],[-66,-159],[-36,-27],[-69,-152],[-60,-23],[-33,-37]],[[1921,1482],[-217,-25],[-286,-1]],[[873,1602],[61,13],[39,46],[17,88],[104,76],[-47,54],[93,112],[10,62],[46,64],[12,72],[-2,66],[57,37],[-11,38],[61,-1],[80,75],[6,89],[25,69],[-12,27],[39,31],[69,22],[22,87],[-17,23],[12,70],[47,13]],[[1921,1482],[16,-57],[34,5],[15,-62],[-11,-109],[-26,-41],[34,-22],[31,-202],[91,-73],[30,-94],[33,-24],[-54,-9],[47,-89],[199,-218],[42,-3],[58,-79],[-1,-118],[38,-97],[-34,-9],[-12,-72],[30,-82],[-29,-27],[-14,33],[-85,52],[-91,23],[-44,-18],[-37,36],[-46,-15],[-65,7],[-11,37],[-30,-17],[-66,48],[-42,-26],[-54,7],[-196,2]]],"transform":{"scale":[0.003082682783340017,0.002985002444096106],"translate":[8.510264519000089,1.6545512900001285]},"objects":{"CMR_clustered":{"type":"GeometryCollection","geometries":[{"arcs":[[0,1,2,3]],"type":"Polygon","properties":{"game_region_idx":2,"region_idx":2}},{"arcs":[[4,5,-3,6]],"type":"Polygon","properties":{"game_region_idx":0,"region_idx":0}},{"arcs":[[-1,-4,-6,7]],"type":"Polygon","properties":{"game_region_idx":1,"region_idx":1}}]}}}