{"type":"Topology","arcs":[[[2092,2849],[22,49],[-15,36],[18,40],[30,146],[28,24],[130,2],[144,31],[49,33],[36,-22],[102,-15],[13,-25],[94,9],[31,-31],[35,35],[88,21],[67,-113],[-12,-72],[-33,-24],[-53,-129],[-58,-71],[-68,-132],[-1,-224],[-42,-133],[-38,-64],[16,-102],[-6,-38],[23,-59],[-5,-42],[-33,-44],[-39,-92],[-16,-69],[13,-120],[-80,-86],[-97,-97],[-106,-27],[-75,-62],[-72,-121]],[[2182,1261],[-44,23],[-41,-5],[-38,25],[-29,58],[-127,51],[-79,44],[-15,36],[-51,8],[-54,-15],[-84,-64],[-54,-107],[-42,-46],[-87,-34],[-69,-99],[-43,-32],[-36,1],[-8,34]],[[1281,1139],[18,77],[-19,37],[39,24],[9,51],[-22,22],[3,60],[-18,60],[42,144],[-13,29],[-69,43],[-52,-7],[-15,56],[-114,36],[35,56],[-19,91],[29,57],[37,23],[14,47],[62,1],[84,100],[9,36],[-77,89],[-21,74],[-38,14],[-130,15],[-99,-56],[-73,2],[-42,-24],[-39,12],[32,20],[3,43],[-37,68],[6,106],[47,53],[6,43],[382,-3],[66,-8],[51,29],[79,-53],[37,18],[14,-40],[78,-8],[56,17],[45,-39],[53,19],[111,-25],[49,-42],[54,-15],[17,-36],[35,29],[-37,90],[16,79],[36,16],[91,180]],[[2182,1261],[-15,-51],[-38,-49],[-114,-98],[-22,-58],[19,-128],[-16,-112],[4,-110],[13,-19],[-44,-93],[-62,-100],[-18,-38],[-136,-44],[-42,-65],[-101,-46],[-50,-66],[-57,-47],[-40,-62],[-77,-32],[-45,23],[-47,-17],[2,77],[-22,41],[47,50],[-40,56],[-182,-78]],[[1099,195],[27,81],[70,36],[-3,28],[41,40],[51,13],[-66,101],[38,16],[-25,49],[-37,15],[-43,-40],[-71,11],[24,45],[81,86],[14,47],[39,27],[31,35],[-17,70],[-61,7],[18,21],[-34,52]],[[1176,935],[51,46],[-31,34],[34,51],[6,57],[45,16]],[[1099,195],[-45,24],[-32,-15],[1,-81],[-52,-36],[-26,10],[-48,-48],[-13,34],[-112,58],[-115,87],[-69,-61],[-87,-15],[-21,-59],[-57,0],[-23,-54],[-47,-39],[-49,60],[-18,42],[-6,47],[-52,56],[-115,89],[-17,40],[-96,64],[39,88],[79,41],[27,28],[34,-13],[32,-47],[75,-13],[23,32],[-28,27],[46,90],[-101,49],[7,44],[29,9],[-56,71],[-42,-12],[31,69],[-20,121],[78,-24],[72,32],[48,-32],[157,31],[16,86],[-31,73],[30,-7],[33,33],[88,-34],[81,-135],[-7,-27],[76,-1],[111,-26],[89,84],[19,40],[64,-97],[-8,-47],[85,4]]],"transform":{"scale":[0.0025399428326215254,0.002718974111526471],"translate":[11.114016304109823,-5.019630835999919]},"objects":{"COG_clustered":{"type":"GeometryCollection","geometries":[{"arcs":[[0,1,2]],"type":"Polygon","properties":{"game_region_idx":2,"region_idx":2}},{"arcs":[[3,4,5,-2]],"type":"Polygon","properties":{"game_region_idx":0,"region_idx":0}},{"arcs":[[-5,6]],"type":"Polygon","properties":{"game_region_idx":1,"region_idx":1}}]}}}