{"type":"Topology","arcs":[[[16752,133],[95,-92],[-134,-41],[-34,49],[73,84]],[[17233,5270],[-1,-181],[-66,56],[67,125]],[[16447,4717],[-78,-52],[-43,95],[121,-43]],[[12796,1816],[117,-38],[-1,-128],[-219,50],[103,116]]],"transform":{"scale":[0.0004709893066622399,0.0004108612370650008],"translate":[-165.82453365799992,-21.932305596999925]},"objects":{"COK_clustered":{"type":"GeometryCollection","geometries":[{"arcs":[[0]],"type":"Polygon","properties":{"game_region_idx":0,"region_idx":0}},{"arcs":[[[1]],[[2]]],"type":"MultiPolygon","properties":{"game_region_idx":1,"region_idx":1}},{"arcs":[[3]],"type":"Polygon","properties":{"game_region_idx":2,"region_idx":2}}]}}}