{"type":"Topology","arcs":[[[549,74],[15,-65],[-49,0],[34,65]],[[889,121],[3,-52],[-66,-69],[-61,19],[-66,76],[82,87],[85,4],[23,-65]],[[1338,321],[-14,94],[36,36],[74,-90],[54,-52],[91,-93],[11,-78],[-57,-58],[-116,24],[-33,29],[-63,109],[17,79]],[[1880,432],[14,-98],[-61,-70],[-63,49],[6,71],[63,67],[41,-19]],[[2256,1132],[2,-44],[-107,-68],[-117,30],[-11,60],[38,32],[-2,103],[73,-35],[97,2],[27,-80]],[[2047,1550],[-52,194],[58,39],[23,-27],[0,-188],[-29,-18]],[[827,1623],[78,-31],[163,-17],[48,-52],[-69,-3],[-100,38],[-33,-13],[-44,-92],[-83,157],[40,13]],[[367,1813],[38,-60],[-95,-36],[-60,22],[-16,48],[90,50],[43,-24]],[[92,2024],[121,52],[65,-45],[33,-58],[-170,-131],[-94,-9],[-47,105],[32,59],[60,27]]],"transform":{"scale":[0.0011846983299379941,0.0011467318082851656],"translate":[-25.354847785999933,14.815985419000071]},"objects":{"CPV_clustered":{"type":"GeometryCollection","geometries":[{"arcs":[[[0]],[[1]],[[2]],[[3]]],"type":"MultiPolygon","properties":{"game_region_idx":0,"region_idx":0}},{"arcs":[[[4]],[[5]]],"type":"MultiPolygon","properties":{"game_region_idx":1,"region_idx":1}},{"arcs":[[[6]],[[7]],[[8]]],"type":"MultiPolygon","properties":{"game_region_idx":2,"region_idx":2}}]}}}