{"type":"Topology","arcs":[[[1695,3111],[-5,-372],[-19,-118]],[[1671,2621],[-74,-27],[-77,3],[-63,-55],[-60,36],[72,67],[-57,55],[-20,111],[-38,-8],[-21,29],[-46,-6],[-5,-74],[-25,-39],[-38,26],[-49,-1]],[[1170,2738],[-62,6],[-45,44],[16,-89],[34,-42]],[[1113,2657],[-9,-23],[-61,-20],[65,-54],[-30,-76]],[[1078,2484],[-60,60],[-79,14],[-97,32],[-81,103],[-38,89],[4,48],[-22,26],[58,54],[-4,56],[46,12],[23,69],[-2,59],[-140,63],[46,37],[68,-12],[-20,54],[45,12],[-20,24],[60,76],[52,-34],[156,-59],[176,-65],[27,3],[120,73],[149,-68],[36,23],[26,-44],[59,-35],[-11,-25],[40,-18]],[[2397,2098],[-68,55],[-13,43],[-49,47],[-90,29],[-41,-23],[-21,16],[-33,67],[-14,58],[101,150],[-2,90],[-144,3],[-204,93],[17,37],[-91,-28],[36,-68],[-11,-32],[-71,-21],[-28,7]],[[1695,3111],[47,-14],[31,14],[51,-41],[43,2],[55,31],[58,19],[-15,76],[26,-6],[21,-106],[19,13],[63,-161],[41,-70],[110,-146],[68,-75],[34,2],[44,-81],[102,-122],[79,-16],[36,-34],[-26,-53],[-121,69],[-29,-26],[10,-44],[-48,-28],[3,-216]],[[2397,2098],[110,-57],[17,-31],[-85,-50],[-32,-48],[42,-75],[8,-59],[-20,-54],[-48,-21],[-57,-51],[63,-40],[33,-86],[-48,70],[-105,88],[30,36],[-38,78],[24,15],[-27,29],[-40,-8],[-83,68],[-56,-16],[44,-73],[68,-27],[0,-98],[-101,39],[-65,1],[-95,106],[41,35],[47,90],[-25,57],[0,61],[-90,96],[-76,57],[-150,61],[-17,39],[-144,36],[-37,-4],[-54,35],[-36,43],[25,78],[-37,51],[-20,58],[-95,28],[-98,83]],[[1113,2657],[148,-67],[-13,-40],[40,-8],[-55,-57],[-59,-36],[-32,-65],[-64,100]]],"transform":{"scale":[0.0017352113937883402,0.0016946187681547754],"translate":[-87.09902910099993,5.516017971000053]},"objects":{"CRI_clustered":{"type":"GeometryCollection","geometries":[{"arcs":[[0,1,2,3,4]],"type":"Polygon","properties":{"game_region_idx":0,"region_idx":0}},{"arcs":[[5,-1,6]],"type":"Polygon","properties":{"game_region_idx":1,"region_idx":1}},{"arcs":[[[7,-2,-6]],[[8,-4]]],"type":"MultiPolygon","properties":{"game_region_idx":2,"region_idx":2}}]}}}