{"type":"Topology","arcs":[[[269167,54831],[39,163],[66,-100],[-105,-63]],[[18997,263535],[-42,111],[133,115],[-91,-226]],[[72013,310723],[-11,-197],[-111,163],[122,34]],[[72326,358025],[-58,-139],[-307,86],[365,53]]],"transform":{"scale":[0.000029409023934905465,0.00001694953179129406],"translate":[147.88200931100016,-22.202732028999947]},"objects":{"CSI_clustered":{"type":"GeometryCollection","geometries":[{"arcs":[[[0]],[[1]],[[2]],[[3]]],"type":"MultiPolygon","properties":{"game_region_idx":0,"region_idx":0}}]}}}