{"type":"Topology","arcs":[[[170,102],[32,-52],[-117,-50],[-85,9],[14,132],[17,-100],[41,76],[98,-15]],[[881,502],[47,1],[-73,-58],[26,57]]],"transform":{"scale":[0.001544584438259106,0.00087245084095434],"translate":[-81.39793860599991,19.266058661000045]},"objects":{"CYM_clustered":{"type":"GeometryCollection","geometries":[{"arcs":[[[0]],[[1]]],"type":"MultiPolygon","properties":{"game_region_idx":0,"region_idx":0}}]}}}