{"type":"Topology","arcs":[[[377,20],[-37,8],[-30,-28],[-48,1],[-53,102],[-58,-4],[-96,-69],[-36,63],[43,-15],[17,47],[-2,103],[139,-43],[65,19],[103,70],[40,51],[113,86],[-5,-30],[-120,-142],[-22,-57],[-37,-28],[-7,-71],[31,-63]]],"transform":{"scale":[0.003634721754190005,0.0016066967931874843],"translate":[32.64069432800005,35.03160959900002]},"objects":{"CYN_clustered":{"type":"GeometryCollection","geometries":[{"arcs":[[0]],"type":"Polygon","properties":{"game_region_idx":0,"region_idx":0}}]}}}