{"type":"Topology","arcs":[[[696,82],[-1,75],[-43,73],[-56,47],[-53,12],[-52,74],[-78,-25],[-47,23],[-27,-58]],[[339,303],[-54,-15],[-21,26],[9,78],[-46,91],[15,49],[-45,76]],[[197,608],[103,10],[90,-115],[59,21],[122,80],[67,23],[88,-31],[60,40],[64,-167],[35,26],[36,-44],[62,0],[25,-41],[-43,-60],[-34,-138],[-166,-103],[-69,-27]],[[1136,370],[-47,44],[-22,42],[57,39],[94,-10],[61,-112],[-62,26],[-81,-29]],[[251,30],[-3,38],[48,53],[-3,41],[57,111],[-11,30]],[[696,82],[-142,-23],[-40,-59],[-19,44],[-73,-8],[-37,39],[-50,-54],[-84,9]],[[251,30],[-105,52],[-57,52],[-24,108],[-35,43],[-30,237],[60,-62],[55,19],[55,111],[27,18]]],"transform":{"scale":[0.0014171227521501172,0.0008857307987420757],"translate":[32.28663170700008,34.63442454100009]},"objects":{"CYP_clustered":{"type":"GeometryCollection","geometries":[{"arcs":[[[0,1,2]],[[3]]],"type":"MultiPolygon","properties":{"game_region_idx":0,"region_idx":0}},{"arcs":[[4,-1,5]],"type":"Polygon","properties":{"game_region_idx":1,"region_idx":1}},{"arcs":[[6,-2,-5]],"type":"Polygon","properties":{"game_region_idx":2,"region_idx":2}}]}}}