{"type":"Topology","arcs":[[[616,1232],[-53,17],[-27,89],[-3,87],[-123,66]],[[410,1491],[23,68],[70,3],[33,69],[24,-11],[45,46],[31,-23],[71,92],[108,10],[27,45],[211,81],[16,33],[-66,49],[22,44],[96,-16],[37,-33],[-11,-51],[39,-3],[-12,-45],[78,-32],[16,36],[79,1],[-9,107],[52,8],[91,-40],[8,-79],[29,-57],[80,-1],[75,-41],[39,10],[37,-55],[43,10],[19,-68],[48,35],[114,-2],[40,-47],[-16,-58],[-89,-73],[33,-48],[33,6],[93,-132],[23,-65]],[[2090,1264],[-49,18],[-11,-33],[-68,-56],[-55,-13],[-87,66],[-11,39],[-66,-31],[-20,37],[-35,-39],[-85,12],[-57,-19],[-33,-56],[77,-67],[-9,-61],[-23,-62],[-101,-43],[-20,-53],[28,-51],[-36,-20],[-81,6],[-28,-43],[-18,-136],[17,-61],[50,-14],[62,-59],[78,-4],[33,-64],[65,3],[-20,-103],[35,-28],[-14,-51]],[[1608,278],[-130,64],[-56,-36],[-3,45],[-72,12],[-6,-99],[-23,-100],[-55,12],[-45,-83],[-3,-68],[-111,44],[-66,-69],[-111,27],[-43,93],[-86,59],[-34,70],[-53,64],[-40,18]],[[671,331],[40,126],[51,58],[-7,54],[36,64],[-12,117],[-22,169],[34,47],[14,135],[-82,59],[-78,35],[-29,37]],[[671,331],[-19,-25],[-46,45],[-39,81],[-56,19],[-83,143],[-35,30],[-58,-4],[-72,82],[-9,65],[-57,88],[-2,41],[-52,59],[32,29],[33,101],[-26,53],[-103,60],[-30,101],[-47,58],[-2,59],[73,-46],[23,-78],[25,78],[80,105],[78,4],[69,38],[62,-26]],[[2352,576],[-49,66],[-39,98],[-40,13],[11,-61],[-50,-3],[0,92],[-28,45],[28,20],[21,83],[-47,95],[-3,132],[39,33],[28,126]],[[2223,1315],[54,76],[-28,28],[-28,83],[23,7],[121,-41],[16,-35],[82,-52],[101,-11],[36,43],[24,-18],[1,-70],[-69,-32],[20,-46],[46,-9],[50,-97],[92,27],[206,-90],[36,9],[3,-83],[33,-84],[63,-19],[28,-134],[-47,-24],[-91,1],[-69,-84],[-29,-53],[-62,-28],[-34,-60],[-7,-89],[-41,-58],[-46,-7],[-25,-72],[-30,-1],[-69,-63]],[[2583,229],[-57,85],[-50,0],[-37,49],[-53,27],[-1,35],[-51,12],[43,46],[-30,47],[5,46]],[[2090,1264],[54,-26],[54,74],[25,3]],[[2583,229],[-52,-24],[-38,24],[-36,-18],[-96,32],[-66,-91],[-37,-115],[-34,93],[-98,17],[-8,31],[-97,13],[-36,-55],[-151,25],[-99,92],[-63,-11],[-64,36]]],"transform":{"scale":[0.0021567364372805735,0.0012413212098147375],"translate":[12.076140991000045,48.557915752]},"objects":{"CZE_clustered":{"type":"GeometryCollection","geometries":[{"arcs":[[0,1,2,3,4]],"type":"Polygon","properties":{"game_region_idx":3,"region_idx":3}},{"arcs":[[-1,-5,5]],"type":"Polygon","properties":{"game_region_idx":0,"region_idx":0}},{"arcs":[[6,7,8]],"type":"Polygon","properties":{"game_region_idx":1,"region_idx":1}},{"arcs":[[9,-7,-9,10,-3]],"type":"Polygon","properties":{"game_region_idx":2,"region_idx":2}}]}}}