{"type":"Topology","arcs":[[[409,151],[-75,-132],[-44,-1],[-46,30]],[[244,48],[28,57],[-59,12],[-38,114],[-48,55],[-63,18]],[[64,304],[130,207],[75,-45]],[[269,466],[-6,-26],[117,-149]],[[380,291],[-95,-43],[-20,-40],[-43,-12],[17,-24],[88,36],[73,6],[4,-20],[5,-43]],[[244,48],[-62,-27],[-124,-21],[-55,18],[8,85],[-11,90],[17,64],[47,47]],[[269,466],[58,76],[62,30],[60,-71],[23,-80],[-10,-77],[-48,-15],[-34,-38]]],"transform":{"scale":[0.003521774190678031,0.003088533638111817],"translate":[41.74911014800006,10.941271261000097]},"objects":{"DJI_clustered":{"type":"GeometryCollection","geometries":[{"arcs":[[0,1,2,3,4]],"type":"Polygon","properties":{"game_region_idx":1,"region_idx":1}},{"arcs":[[-2,5]],"type":"Polygon","properties":{"game_region_idx":0,"region_idx":0}},{"arcs":[[-4,6]],"type":"Polygon","properties":{"game_region_idx":2,"region_idx":2}}]}}}