{"type":"Topology","arcs":[[[459,196],[-5,-73],[-55,-62],[-66,-2],[-55,-48],[-54,-11],[3,50],[-1,35],[-40,82],[-44,117]],[[142,284],[94,0],[65,23]],[[301,307],[14,-91],[38,-44],[106,24]],[[430,468],[22,-57],[-11,-100],[27,-10],[-9,-105]],[[301,307],[34,61],[83,48],[12,52]],[[77,657],[46,-7],[81,-62],[53,15],[97,-29],[76,-106]],[[142,284],[-76,117],[-56,97],[42,67],[-52,9],[39,84],[38,-1]]],"transform":{"scale":[0.0005120171452991933,0.0006520310911854732],"translate":[-61.488880988999945,15.204820054000038]},"objects":{"DMA_clustered":{"type":"GeometryCollection","geometries":[{"arcs":[[0,1,2]],"type":"Polygon","properties":{"game_region_idx":2,"region_idx":2}},{"arcs":[[3,-3,4]],"type":"Polygon","properties":{"game_region_idx":0,"region_idx":0}},{"arcs":[[5,-5,-2,6]],"type":"Polygon","properties":{"game_region_idx":1,"region_idx":1}}]}}}