{"type":"Topology","arcs":[[[120,1138],[1,91],[36,37],[74,13],[129,-41],[93,55],[85,-18],[95,-73],[87,4],[28,-33]],[[748,1173],[-56,-34],[-24,-72],[-30,-81],[-59,-25],[29,-40],[-108,-120],[11,-20],[-38,-57],[-4,-55],[-81,-90],[67,-62],[-13,-65],[38,-15],[-3,-49]],[[477,388],[-54,23],[10,-88],[-65,-125],[-35,-32],[-62,-134],[-45,72],[-75,15],[22,28],[-13,74],[-53,46],[0,72],[25,65],[-87,75],[-45,91],[77,10],[26,36],[30,54],[-30,115],[64,84],[-3,36],[-57,59],[33,47],[-20,127]],[[1528,337],[42,-33],[-59,4],[-39,44],[56,-15]],[[1473,776],[196,-175],[10,-43],[-56,-119],[-60,14],[-32,-93],[-47,0],[-64,104],[-84,-4],[-69,30],[-133,-22]],[[1134,468],[-41,59],[19,70],[53,83],[36,37],[-118,75],[-53,42],[36,65],[-50,-5],[6,57]],[[1022,951],[106,20],[94,-25],[47,37],[31,-30],[-41,-67],[-160,25],[-8,-69],[107,-3],[80,-41],[72,-23],[34,30],[89,-29]],[[875,1131],[67,23],[23,-23],[13,-114],[44,-66]],[[1134,468],[-41,25],[-120,8],[-46,-24],[-11,-5],[-80,-99],[-100,1],[-70,-18],[-13,37],[-10,76],[-46,10],[-26,-45],[-94,-46]],[[748,1173],[32,-30],[95,-12]]],"transform":{"scale":[0.002189268888624152,0.0018483629303944176],"translate":[-72.0098376059999,17.54555898600006]},"objects":{"DOM_clustered":{"type":"GeometryCollection","geometries":[{"arcs":[[0,1,2]],"type":"Polygon","properties":{"game_region_idx":2,"region_idx":2}},{"arcs":[[[3]],[[4,5,6]]],"type":"MultiPolygon","properties":{"game_region_idx":0,"region_idx":0}},{"arcs":[[7,-6,8,-2,9]],"type":"Polygon","properties":{"game_region_idx":1,"region_idx":1}}]}}}