{"type":"Topology","arcs":[[[621,1666],[553,433],[-160,348],[41,4],[109,-64],[43,-10],[50,23],[94,75],[49,26],[189,37],[27,22],[129,188],[123,246]],[[1868,2994],[72,82],[58,44],[217,116],[-3,-204],[-26,-195],[28,-270]],[[2214,2567],[11,-139],[-14,-107],[-26,-323],[-36,-51],[-30,-8],[-46,-39],[-67,-2],[-50,-38],[52,-75],[8,-72],[39,-38],[-2,-835],[15,-24],[453,-309],[37,-48],[6,-59],[2,-380]],[[2566,20],[-99,-20],[-43,44],[31,54],[-11,58],[4,51],[-56,38],[-112,29],[-45,57],[-23,-17],[-37,5],[-50,46],[-1,28],[-71,54],[-27,0],[-4,94],[-238,193],[-196,159],[-178,145],[-143,116],[-190,154],[-220,178],[-236,180]],[[2214,2567],[186,22],[171,-147],[192,-22],[247,8],[97,61],[75,35],[74,-7],[457,302]],[[3713,2819],[62,-106],[32,-123],[5,-87],[-15,-132],[33,-103],[-24,-92],[-20,-54],[21,-95],[18,-20],[-16,-87],[-72,-38],[-17,-61],[117,-184],[10,-32],[3,-105],[33,-27],[14,-45],[27,-24],[67,18],[162,-61],[42,-80],[53,-123],[-182,-133],[-280,-205],[-224,-164],[-237,-173],[-179,-187],[-159,-169],[-18,-12],[-137,-32],[-266,-63]],[[621,1666],[-132,97],[-204,149],[-285,208],[0,352],[61,62],[65,44],[93,79],[55,-1],[42,32],[39,0],[36,-16],[17,17],[88,16],[56,0],[50,9],[7,-23],[37,0],[55,93],[82,75],[52,27],[52,57],[44,19],[66,11],[39,22],[-3,32],[22,30],[-40,57],[-16,-9],[1,45],[30,18],[3,66],[171,37],[-23,65],[87,21],[261,-13],[-5,38]],[[1524,3382],[46,3],[42,-33],[166,55],[-75,-229],[7,-24],[44,-54],[114,-106]],[[3385,4572],[28,-10],[67,27],[84,-28],[-49,-20],[1,-32],[-50,-39],[37,-11],[-16,-122],[-6,-36],[17,-45],[-1,-93],[23,-12],[-24,-35],[-13,-52],[-3,-65],[-29,-30],[-54,-29],[-12,-39],[-48,-38],[-12,-56],[15,-60],[28,-52],[12,-63],[69,-29],[41,-66],[16,-86],[135,-101],[9,-26],[42,-200],[52,-253],[-48,-28],[17,-24]],[[1524,3382],[11,42],[36,32],[-78,57],[-28,49],[13,32],[-36,46],[12,72],[-26,42],[14,104],[-28,71],[22,28],[-35,29],[21,37],[-87,67],[-6,22],[35,-3],[60,14],[51,42],[31,6],[52,78],[58,37],[30,-13],[32,15],[9,29],[27,4],[49,-30],[30,19],[19,48],[110,72],[16,1],[63,38],[135,15],[74,6],[64,17],[54,-8],[72,54],[39,-19],[13,18],[46,-9],[75,35],[44,-4],[113,-1],[41,0],[65,-29],[27,-33],[40,3],[68,43],[57,6],[43,21],[19,34],[25,6],[25,-27],[67,-24],[51,5],[22,41],[47,-5],[20,-17],[43,1],[-5,-26]]],"transform":{"scale":[0.0048614044091337,0.003917010087370224],"translate":[-8.68238521299989,18.98168487600013]},"objects":{"DZA_clustered":{"type":"GeometryCollection","geometries":[{"arcs":[[0,1,2,3]],"type":"Polygon","properties":{"game_region_idx":0,"region_idx":0}},{"arcs":[[-3,4,5]],"type":"Polygon","properties":{"game_region_idx":1,"region_idx":1}},{"arcs":[[6,7,-1]],"type":"Polygon","properties":{"game_region_idx":2,"region_idx":2}},{"arcs":[[8,-5,-2,-8,9]],"type":"Polygon","properties":{"game_region_idx":3,"region_idx":3}}]}}}