{"type":"Topology","arcs":[[[1381,784],[54,-41],[11,-37],[130,-16],[155,-175],[18,-37],[43,-3],[58,-28],[46,-60],[57,-20],[30,-106],[47,4],[72,-66],[13,-47],[63,-16],[12,27],[39,-58],[-72,-27],[-39,-30],[3,-27],[-38,-21],[-52,41],[-48,-9],[-80,93],[-64,31],[-78,113],[-60,44],[-113,67],[-50,77],[-70,71],[-82,27],[-77,42],[-83,40],[-65,-13],[-62,24],[-70,20],[-102,-39],[-44,60],[-70,-44],[-146,-23],[-60,71]],[[607,693],[-11,56],[12,28],[59,50],[120,18],[0,122]],[[787,967],[57,5],[-50,89],[-92,25],[-3,77],[-70,115],[-76,12],[-17,18],[-13,63],[7,195]],[[530,1566],[20,-18],[45,13],[44,40],[39,72],[47,34],[109,-184],[43,-110],[35,-122],[24,-157],[26,-65],[38,-23],[17,-48],[-7,-41],[43,2],[44,-81],[-7,-42],[38,-14],[15,35],[-22,19],[-5,44],[33,31],[66,-47],[-15,-34],[44,-77],[42,-21],[35,27],[60,-15]],[[1320,992],[-33,-20],[-76,5],[7,21],[-50,24],[32,43],[36,-23],[9,-49],[27,18],[48,-19]],[[787,967],[-95,-2],[-74,55],[-58,-12],[-118,47],[-67,-1],[-38,23],[-61,60],[-61,17],[-47,78]],[[168,1232],[-17,28],[36,72],[5,93],[45,-17],[89,4],[33,50],[2,37],[71,20],[26,28],[24,-12],[48,31]],[[607,693],[-80,22],[-38,47],[-109,-231],[-90,103],[-58,-11],[-16,-41],[-108,14],[-74,-20],[-34,256],[68,101],[14,84],[30,35],[42,105],[19,20],[-5,55]]],"transform":{"scale":[0.0030031580524899296,0.0033068578330403995],"translate":[36.423647095000035,12.360021871000086]},"objects":{"ERI_clustered":{"type":"GeometryCollection","geometries":[{"arcs":[[[0,1,2,3]],[[4]]],"type":"MultiPolygon","properties":{"game_region_idx":0,"region_idx":0}},{"arcs":[[-3,5,6]],"type":"Polygon","properties":{"game_region_idx":1,"region_idx":1}},{"arcs":[[-6,-2,7]],"type":"Polygon","properties":{"game_region_idx":2,"region_idx":2}}]}}}