{"type":"Topology","arcs":[[[103,48],[-78,-5],[-25,91],[43,37],[46,-44],[108,64],[0,60],[44,-54],[-120,-60],[59,-67],[-12,-70],[-65,48]]],"transform":{"scale":[0.0010200198713696937,0.0007033632828684442],"translate":[33.67564945500004,34.94245026200008]},"objects":{"ESB_clustered":{"type":"GeometryCollection","geometries":[{"arcs":[[0]],"type":"Polygon","properties":{"game_region_idx":0,"region_idx":0}}]}}}