{"type":"Topology","arcs":[[[1100,383],[-9,27],[78,140],[-97,40],[11,108],[85,73],[9,33],[12,50],[-32,17],[-48,1],[-51,-40],[-6,46],[-129,0],[-56,-47],[-80,22],[-21,43],[39,55],[-28,106],[15,55],[-44,55],[-40,-5],[-65,72]],[[643,1234],[13,38],[116,21],[-24,47],[99,30],[9,37],[57,-20],[111,33],[-5,59],[37,-43],[66,-10],[16,30],[91,-35],[44,30],[-17,99],[48,-64],[33,5],[2,56],[39,-64]],[[1378,1483],[31,-216],[32,-70],[-31,-83],[72,-60],[6,-67],[-14,-38],[-51,-17],[-66,-87],[-6,-62],[55,-5],[74,-81],[12,-52],[-44,-81],[12,-124],[-89,-21],[-68,-41],[-24,-66]],[[1279,312],[-100,90],[-21,-60],[-12,49],[-46,-8]],[[1100,383],[-76,-52],[-98,-22],[-46,-57],[-33,1],[54,147],[3,129],[20,72],[-70,27],[-14,-51],[-61,-55],[-46,55],[-83,18],[-26,139],[-27,6],[-25,7],[6,139],[94,-12],[4,50],[-134,-25],[34,39],[-36,64],[45,45],[-50,39],[38,72],[-16,63],[59,32],[27,-19]],[[520,1089],[10,-24],[-85,-16],[-12,35],[87,5]],[[473,712],[-72,-102],[-123,-102],[-46,23],[-74,-34],[-46,-160],[-60,-50],[-7,50],[71,118],[-64,62],[-52,22],[50,64],[-44,104],[38,10],[27,-62],[14,52],[61,51],[102,47],[20,-33],[90,23],[115,-83]],[[526,766],[-55,-32],[-57,49],[33,52],[46,-7],[33,-62]],[[147,993],[-79,22],[139,32],[46,85],[41,-14],[8,-46],[68,-16],[37,-103],[-105,-24],[-29,-75],[-34,-11],[-40,111],[-52,39]],[[1378,1483],[16,39],[72,-33],[66,2],[62,-30],[72,4],[40,-35],[54,-38],[164,1],[161,-32],[51,54],[58,-77],[-106,-72],[-13,-82],[-52,-133],[-75,-73],[-11,-40],[-6,-79],[44,-226],[-25,-91],[12,-54],[39,-76],[15,-127],[44,-37],[-85,-34],[-17,-71],[-34,-19],[-31,-124],[-90,28],[-65,52],[-33,-42],[-69,-37],[-52,32],[-58,42],[-83,111],[-7,51],[-73,8],[-22,48],[-62,19]]],"transform":{"scale":[0.0028799572967183593,0.001389482530967721],"translate":[21.867849155000044,57.51612864200008]},"objects":{"EST_clustered":{"type":"GeometryCollection","geometries":[{"arcs":[[0,1,2,3]],"type":"Polygon","properties":{"game_region_idx":1,"region_idx":1}},{"arcs":[[[4,-1]],[[5]],[[6]],[[7]],[[8]]],"type":"MultiPolygon","properties":{"game_region_idx":0,"region_idx":0}},{"arcs":[[-3,9]],"type":"Polygon","properties":{"game_region_idx":2,"region_idx":2}}]}}}