{"type":"Topology","arcs":[[[105,2555],[11,40],[48,-30],[-59,-10]],[[949,3276],[3,-51],[-63,27],[60,24]],[[1314,3563],[41,-48],[-87,-10],[46,58]],[[797,4220],[41,-35],[-54,-75],[13,110]],[[275846,2565],[51,-54],[-119,-32],[-27,47],[-86,-47],[-68,-100],[-79,-2],[-41,26],[70,63],[60,-8],[55,86],[118,49],[66,-28]],[[277010,2936],[-32,-95],[-54,65],[86,30]],[[276550,3455],[4,-112],[-30,27],[-60,135],[61,-2],[25,-48]],[[276112,3799],[31,0],[5,-93],[-42,-17],[-22,69],[28,41]],[[276632,4115],[-52,-94],[-4,132],[45,7],[11,-45]],[[0,4583],[65,86],[46,1],[27,-80],[-39,-79],[-99,-93],[0,165]],[[0,4859],[79,56],[-19,-63],[-60,-40],[0,47]],[[277054,4419],[-63,-33],[-18,55],[81,144],[0,-166]],[[277054,5158],[-114,-113],[-87,-157],[-108,-75],[-21,-80],[-63,-76],[-2,-55],[47,0],[116,109],[19,42],[166,131],[11,-34],[-80,-151],[71,-84],[-166,32],[-124,-68],[-206,-14],[42,70],[-66,38],[-72,-30],[-38,-62],[-44,-9],[-30,-116],[-110,61],[-48,-42],[-16,-70],[-73,-19],[-80,204],[-69,-32],[-4,78],[47,24],[3,83],[102,-48],[111,112],[90,70],[211,68],[126,-9],[-21,44],[63,38],[10,42],[64,2],[114,46],[48,39],[12,-47],[58,0],[42,48],[69,29],[0,-19]],[[275245,2995],[11,-89],[-34,72],[23,17]],[[275348,3246],[-147,53],[-91,8],[-106,49],[-65,142],[23,94],[69,26],[-1,69],[50,6],[-35,96],[58,48],[39,78],[244,129],[112,-28],[49,37],[84,9],[30,43],[74,-77],[-31,-56],[79,3],[21,-54],[56,-48]],[[275860,3873],[-17,-106],[-111,39],[-16,-31],[-94,-12],[-75,90],[-28,-152],[71,22],[-82,-90],[-15,-51],[28,-85],[-56,-43],[-92,14],[-36,-68],[44,-60],[-33,-94]],[[274817,4156],[43,0],[-37,-51],[-6,51]],[[274955,4310],[-63,-70],[38,92],[25,-22]],[[275177,4685],[25,-21],[-94,-125],[-32,0],[99,105],[2,41]],[[274841,8586],[-87,-22],[37,32],[50,-10]],[[275860,3873],[96,-63],[23,-53],[-27,-75],[52,-92],[-34,-41],[66,-106],[-10,-71],[-90,-38],[-16,36],[-68,-52],[-27,42],[-97,-42],[-84,-95],[-99,-16],[-138,0],[-59,39]]],"transform":{"scale":[0.0012993856793260517,0.0010744346026058628],"translate":[-179.99999999999991,-21.711114190999922]},"objects":{"FJI_clustered":{"type":"GeometryCollection","geometries":[{"arcs":[[[0]],[[1]],[[2]],[[3]],[[4]],[[5]],[[6]],[[7]],[[8]],[[9]],[[10]],[[11]],[[12]]],"type":"MultiPolygon","properties":{"game_region_idx":2,"region_idx":2}},{"arcs":[[[13]],[[14,15]],[[16]],[[17]],[[18]],[[19]]],"type":"MultiPolygon","properties":{"game_region_idx":0,"region_idx":0}},{"arcs":[[20,-16]],"type":"Polygon","properties":{"game_region_idx":1,"region_idx":1}}]}}}