{"type":"Topology","arcs":[[[146,416],[-78,49],[-1,61],[63,44],[43,-38],[0,-105],[-27,-11]],[[741,602],[-42,-52],[-66,-136],[-56,-41],[-132,-17],[11,-49],[-44,-78],[-106,-75],[-55,94],[-37,-36],[-108,114],[133,34],[-47,49],[81,-6],[61,-35],[60,76],[-36,1],[11,104],[37,28],[-3,-62],[70,50],[20,68],[-83,-6],[-1,-30],[-84,-39],[-33,109],[61,-28],[136,43],[-70,76],[-66,39],[30,68],[-85,30],[-16,60],[84,-31],[62,-61],[77,-31],[75,18],[-43,20],[30,64],[115,-41],[6,-24],[85,24],[32,-33],[44,21],[-12,86],[74,-44],[-3,-63],[-50,-35],[-7,-87],[-32,0],[-78,-136]],[[498,918],[-55,19],[38,62],[60,3],[11,-42],[-54,-42]],[[1562,645],[-80,-52],[-121,-4],[34,-50],[-106,-73],[-153,0],[-88,81],[6,-66],[70,-74],[56,2],[9,-139],[-70,69],[-59,-63],[-10,41],[-86,66],[-28,-22],[25,-107],[44,-78],[-79,4],[-74,87],[-19,-96],[34,-22],[-18,-62],[-77,66],[3,33],[-71,75],[65,56],[-28,45],[65,65],[8,88],[145,130],[45,0],[3,-111],[28,24],[-21,87],[17,43],[-80,66],[25,65],[38,-74],[6,83],[-50,32],[19,46],[95,31],[-31,84],[149,-59],[59,39],[63,-61],[-7,-65],[-66,40],[-8,-86],[47,2],[-2,-55],[60,-17],[20,-71],[7,113],[-59,15],[60,102],[145,14],[47,-156],[-94,38],[-61,-32],[24,-30],[141,-39],[-16,-68]],[[688,1017],[112,19],[24,-56],[-58,-6],[-78,43]],[[679,72],[57,-37],[-24,-35],[-56,44],[23,28]],[[1291,373],[-5,-96],[-54,68],[59,28]],[[690,975],[65,-36],[-42,-35],[-61,52],[38,19]]],"transform":{"scale":[0.0022112673529784705,0.0011046693581472375],"translate":[-61.270375128999945,-52.406522725999935]},"objects":{"FLK_clustered":{"type":"GeometryCollection","geometries":[{"arcs":[[[0]],[[1]],[[2]],[[3]],[[4]],[[5]],[[6]],[[7]]],"type":"MultiPolygon","properties":{"game_region_idx":0,"region_idx":0}}]}}}