{"type":"Topology","arcs":[[[449,0],[-107,89],[-46,107],[112,-42],[-10,-44],[39,-39],[12,-71]],[[470,358],[-28,-61],[-39,61],[-60,15],[-20,59],[120,-37],[27,-37]],[[87,588],[-23,45],[72,6],[122,-56],[-72,-53],[-99,58]],[[167,652],[16,117],[58,-17],[38,-89],[70,-30],[-22,-39],[43,2],[1,-49],[47,-10],[-9,-81],[-112,94],[-35,56],[-95,46]],[[250,752],[57,40],[101,-63],[-23,-26],[88,-30],[-58,-10],[79,-41],[-64,-52],[-83,76],[-48,22],[-49,84]],[[507,669],[-17,131],[92,-73],[-55,-6],[44,-52],[-64,29],[0,-29]],[[614,767],[4,-48],[-35,25],[31,23]],[[483,752],[-44,26],[5,45],[39,-71]],[[449,730],[-11,-19],[-51,116],[62,-97]],[[570,781],[-23,-24],[-49,80],[72,-56]]],"transform":{"scale":[0.0020171230275080948,0.001188763581839928],"translate":[-7.559722459999932,61.39594147300004]},"objects":{"FRO_clustered":{"type":"GeometryCollection","geometries":[{"arcs":[[[0]],[[1]],[[2]],[[3]],[[4]],[[5]],[[6]],[[7]],[[8]],[[9]]],"type":"MultiPolygon","properties":{"game_region_idx":0,"region_idx":0}}]}}}