{"type":"Topology","arcs":[[[47098,8207],[-13,-127],[-194,26],[15,64],[163,109],[29,-72]],[[38162,11177],[65,-13],[25,-116],[-87,-137],[-186,-3],[-63,64],[0,116],[-65,32],[104,133],[163,-24],[44,-52]],[[30630,13477],[-7,-128],[-108,69],[115,59]],[[25514,12005],[117,-26],[-11,-62],[-106,88]],[[235,16082],[-7,-128],[-103,9],[-125,-186],[40,166],[98,136],[97,3]]],"transform":{"scale":[0.0005299147826446985,0.0005377460009732931],"translate":[138.06812584700003,0.9278018250000741]},"objects":{"FSM_clustered":{"type":"GeometryCollection","geometries":[{"arcs":[[0]],"type":"Polygon","properties":{"game_region_idx":0,"region_idx":0}},{"arcs":[[[1]],[[2]],[[3]]],"type":"MultiPolygon","properties":{"game_region_idx":1,"region_idx":1}},{"arcs":[[4]],"type":"Polygon","properties":{"game_region_idx":2,"region_idx":2}}]}}}