{"type":"Topology","arcs":[[[1008,1534],[-271,1],[24,87],[26,53],[-1,77],[-182,-67],[-21,29],[17,104]],[[600,1818],[322,-1],[-2,416],[7,63],[112,8],[28,-14],[157,-1],[46,11],[145,-27],[21,10],[96,-5],[55,8],[20,-21],[-6,-63],[-42,-53],[-5,-106],[32,-68],[-19,-75],[60,24],[65,-2],[88,56],[136,-20],[24,-19],[8,-64],[67,-89],[-7,-36],[-75,-101],[-55,-1],[-12,-46],[-33,-24],[-26,-56],[17,-92],[-11,-14]],[[1813,1416],[-58,30],[-70,16],[-84,2],[-55,18],[-13,39],[-124,32],[-43,-3],[-53,-249],[-55,-29],[-257,-100]],[[1001,1172],[-17,57],[-31,41],[-51,150],[27,45],[75,43],[4,26]],[[1813,1416],[-20,-42],[101,-36],[14,-56],[46,7],[61,-43],[11,-29],[-15,-83],[-22,-61],[25,-74],[-11,-47],[19,-21],[-9,-52],[-34,-23],[17,-38],[-15,-76],[-41,-17],[-5,-56],[-30,-51],[27,-35],[-52,-54],[-68,4],[7,48],[-57,96],[-17,-40],[-78,-84],[-99,26],[-77,-1],[15,29],[-72,136],[-22,10],[-38,24],[-63,-27]],[[1311,750],[-81,29],[-71,85],[4,71],[-71,63],[-23,59],[-70,-21],[-18,105],[20,31]],[[1311,750],[-7,-39],[24,-33],[-14,-86],[-139,-32],[-43,32],[-64,-32],[-69,24],[19,-121],[-27,-46],[36,-11],[49,-71],[-25,-8],[-6,-45],[89,-49],[-41,-90],[25,-43],[-27,-17],[-60,14],[-28,47],[-30,13],[-24,-28],[-70,-41],[-35,-88],[-32,29],[-13,53],[-118,97],[-4,50],[-64,67],[-171,143],[-83,97],[86,-37],[43,8],[-73,53],[-46,-20],[-54,43],[-11,59],[-103,117],[68,-17],[-32,38],[-12,-26],[-30,20],[-6,79],[-77,112],[87,-81],[3,-46],[89,17],[-16,48],[-64,-34],[-15,39],[34,44],[-69,-16],[-44,35],[-22,72],[-32,48],[-63,142],[32,-26],[26,-54],[24,43],[26,-43],[38,54],[-5,22],[59,69],[13,51],[17,106],[-16,112],[24,-4],[42,-73],[112,3],[41,36],[-50,-13],[-79,51],[-24,-10],[-30,65],[-37,28],[4,30],[71,21],[-15,-24],[44,-41],[13,34],[-8,77],[-20,57],[64,36],[57,-46],[26,23],[151,1]],[[105,1218],[15,-42],[-25,2],[10,40]]],"transform":{"scale":[0.0028644734772951875,0.0027160818527761066],"translate":[8.695567254000082,-3.9368561897960404]},"objects":{"GAB_clustered":{"type":"GeometryCollection","geometries":[{"arcs":[[0,1,2,3]],"type":"Polygon","properties":{"game_region_idx":0,"region_idx":0}},{"arcs":[[4,5,-3]],"type":"Polygon","properties":{"game_region_idx":1,"region_idx":1}},{"arcs":[[[6,-1,-4,-6]],[[7]]],"type":"MultiPolygon","properties":{"game_region_idx":2,"region_idx":2}}]}}}