{"type":"Topology","arcs":[[[391,604],[-13,103],[-29,52],[-58,17],[-32,86],[-42,33],[-130,34],[-29,79],[-58,31],[18,65],[44,18],[61,-30],[43,14],[90,-73],[92,-18],[42,-48],[115,-20],[36,16],[67,5],[43,-39],[39,16],[62,-35],[44,-72],[85,-33],[71,-51],[-13,-65],[40,-15]],[[979,674],[-25,-50],[-55,-26]],[[899,598],[-74,12],[-60,-36],[-54,58],[-51,-16],[-4,40],[-22,-3],[-74,-186],[-56,27],[-63,-12],[-10,-32]],[[431,450],[-40,154]],[[979,674],[69,27],[21,34],[72,22],[56,-60],[19,63],[81,-37],[29,-51],[99,-24],[10,-26],[-29,-99],[82,-89],[69,-13],[51,-46],[-62,-104],[29,-65],[73,-61],[26,-45],[-18,-69],[-31,-31],[-72,69],[-60,-14],[-71,56],[15,15],[-103,51],[-21,0],[-100,-104],[-74,-14],[-90,23],[-53,-29]],[[996,53],[-32,158],[-44,-1],[15,80],[38,16],[-115,80],[48,152],[33,60],[-40,0]],[[996,53],[-62,-26],[-72,0],[-52,30],[-12,53],[-45,40],[-46,84],[-58,3],[-37,-66],[-122,33],[-34,-37],[-73,41],[39,66],[24,106],[-15,70]]],"transform":{"scale":[0.0040076623330725465,0.0022557315383243946],"translate":[39.985976355436605,41.044834290000054]},"objects":{"GEO_clustered":{"type":"GeometryCollection","geometries":[{"arcs":[[0,1,2,3]],"type":"Polygon","properties":{"game_region_idx":0,"region_idx":0}},{"arcs":[[4,5,-2]],"type":"Polygon","properties":{"game_region_idx":1,"region_idx":1}},{"arcs":[[-6,6,-3]],"type":"Polygon","properties":{"game_region_idx":2,"region_idx":2}}]}}}