{"type":"Topology","arcs":[[[894,3337],[33,-11],[139,9],[182,-11],[30,-45],[21,39],[36,3],[54,60],[18,-19],[33,52],[154,-53],[-23,-133],[-29,-60],[2,-35],[52,-24],[52,-52],[25,-50],[51,0],[17,-42],[38,-18],[-20,-89],[19,-45],[-35,-144],[7,-58],[-30,18],[-22,-58],[51,-51],[73,-5],[23,-37],[-13,-114],[-36,-84],[36,-86],[-15,-39],[-51,-17]],[[1766,2138],[-86,2],[-48,-137],[4,-63],[52,3],[-5,-74],[-46,-8],[-85,51],[-77,-68],[-61,-2],[-19,-34]],[[1395,1808],[-43,4],[-101,90],[-62,1],[-99,-94],[4,-68],[-41,-12],[-51,157],[-33,37],[62,112],[-14,52],[-48,11],[-53,40],[-44,-2],[-35,-46],[-51,4],[-47,-32],[-36,12],[-30,-28],[-17,-90],[17,-44],[53,-6],[-8,-48],[-51,8],[-32,-43],[-85,-6],[-75,83],[-17,73],[-84,139],[-53,39]],[[321,2151],[-28,122],[-56,21],[8,42],[48,74],[-8,105],[-41,51],[8,46],[-25,35],[29,60],[-25,110],[-5,80],[19,41],[-40,41],[34,43],[-43,22],[-33,79],[2,56],[52,111],[-10,36],[42,-6],[560,6],[85,11]],[[1695,1291],[7,93],[-49,31],[-15,67],[-49,110],[-31,11],[-58,132],[-68,60],[-37,13]],[[1766,2138],[36,-82],[84,-63],[43,-109],[-63,-42],[18,-268],[-55,-73],[1,-57],[23,-38],[37,8],[11,-40],[-24,-87],[0,-68],[-50,-31],[24,-40],[-12,-35],[52,-55],[3,-56],[46,-27],[19,-81],[69,-50],[37,-1],[13,-42],[85,-77],[-42,-28],[-42,-64],[-8,-46],[-40,-33],[-117,-10],[-171,11],[-80,-29],[-60,-51],[-191,-69]],[[1412,405],[-15,47],[-57,73],[-117,5],[-179,23],[-30,58],[-30,15],[23,152],[59,115],[87,104],[-27,68],[75,29],[87,133],[78,8],[80,61],[37,9],[212,-14]],[[1412,405],[-72,-69],[-64,-15],[-78,-67],[-96,1],[-115,-62],[-42,-3],[-121,-40],[-88,-76],[-79,-30],[-34,-36],[-53,-8],[-129,97],[-163,48],[-133,19],[-76,24],[165,32],[12,15],[-16,89],[28,5],[-24,118],[-47,31],[-45,-8],[3,47],[-32,-3],[5,60],[-33,95],[-15,89],[-32,53],[-38,188],[25,52],[-7,71],[62,109],[25,9],[36,84],[-9,22],[24,163],[49,129],[73,101],[39,16],[-4,44],[55,46],[-47,306]]],"transform":{"scale":[0.0020563587817845853,0.0018821937082600926],"translate":[-3.2625093179999856,4.737127997000073]},"objects":{"GHA_clustered":{"type":"GeometryCollection","geometries":[{"arcs":[[0,1,2,3]],"type":"Polygon","properties":{"game_region_idx":0,"region_idx":0}},{"arcs":[[4,-2,5,6]],"type":"Polygon","properties":{"game_region_idx":2,"region_idx":2}},{"arcs":[[-3,-5,-7,7]],"type":"Polygon","properties":{"game_region_idx":1,"region_idx":1}}]}}}