{"type":"Topology","arcs":[[[1832,989],[11,-130],[-34,-44],[-46,-56]],[[1763,759],[-60,15],[28,91],[-70,60],[1,24],[-62,94],[-59,53],[-16,45],[-98,5],[-54,0]],[[1373,1146],[13,327],[-19,69],[70,41],[157,-43],[75,53],[51,9],[3,48],[58,-22],[68,1],[-10,90],[31,28],[72,-38],[43,2],[1,68],[-71,110],[125,101]],[[2040,1990],[65,-15],[38,59],[125,72],[-41,45],[36,17],[129,-45],[26,-132],[42,-21],[9,-41],[-20,-104],[48,-3],[27,-63],[111,-52],[-94,-96],[-26,-74],[69,41],[76,-21],[6,-190],[26,-46],[98,-48],[5,-39],[-73,-107],[12,-43],[-15,-109],[36,-73]],[[2755,902],[-98,-26],[-63,19],[-74,-76],[-24,-50],[-94,-45],[-107,-18],[-38,70],[39,64],[7,73],[-49,17],[-80,-3],[-32,32],[-80,6],[-48,48],[-84,13],[-48,-43],[-50,6]],[[1168,1100],[-57,19],[-100,-28],[-37,-85],[-39,-95],[-53,-56],[-48,-4],[-28,-72],[-34,-22],[-81,16],[-9,107],[-24,-23],[-9,54],[-27,4],[4,57],[-11,-18],[-50,7],[-12,13],[31,82],[-27,25],[-33,-28],[22,75],[-37,-41],[-107,71],[6,44],[-43,-31],[-79,69],[-43,0],[-29,115],[-48,-11],[17,86],[-33,-19],[-37,41],[-6,80],[-26,13],[-40,-39],[7,-44],[-48,45],[48,64],[51,122],[56,72],[65,1],[95,62],[104,-11],[57,43],[55,-14],[2,120],[-97,61],[52,51],[57,6],[12,75],[-25,81],[256,-15],[-3,-49],[40,-20],[27,28],[55,-41],[76,-30],[29,11],[57,-34],[111,42],[126,-10],[95,19],[39,-11],[-36,-87],[15,-23],[47,-39],[65,-7],[52,74],[56,-1],[41,-43],[37,-84],[77,67],[1,26],[97,41],[148,-64]],[[1373,1146],[-127,-1],[-5,-29],[-73,-16]],[[2755,902],[80,5],[-25,-93],[72,-43],[-67,-27],[-16,-94],[61,-13],[44,-59],[11,-94],[-43,5],[-20,37],[-58,8],[-109,-18],[-7,-85],[96,-52],[23,-42],[-41,2],[-24,-56],[0,-69],[-40,-69],[-73,28],[-27,-23],[-33,53],[-63,-27],[0,-46],[-54,-66],[3,-30],[-105,-34],[-43,78],[-91,21],[45,78],[-6,55],[-28,44],[6,61],[-42,70],[12,64],[-70,20],[-38,70],[-39,-26],[-79,-30],[-6,34],[-127,-16],[-42,-55],[-80,-7],[33,82],[62,63],[-46,59],[2,94]]],"transform":{"scale":[0.002545001024013718,0.0024478480022321098],"translate":[-15.081125454999949,7.190208232000103]},"objects":{"GIN_clustered":{"type":"GeometryCollection","geometries":[{"arcs":[[0,1,2,3,4]],"type":"Polygon","properties":{"game_region_idx":1,"region_idx":1}},{"arcs":[[5,-3,6]],"type":"Polygon","properties":{"game_region_idx":0,"region_idx":0}},{"arcs":[[-1,-5,7]],"type":"Polygon","properties":{"game_region_idx":2,"region_idx":2}}]}}}