{"type":"Topology","arcs":[[[741,309],[-28,-132]],[[713,177],[-57,24],[-15,36],[-73,58],[-39,64],[-13,-20]],[[516,339],[-37,-44]],[[479,295],[-1,0]],[[478,295],[-21,89],[-40,11]],[[417,395],[32,89],[40,-21],[53,54],[79,-46],[36,-91],[45,28],[39,-99]],[[478,295],[-10,-28],[-70,50],[-66,-43],[-117,-7],[-43,-65],[-76,-1],[-12,156],[326,-2],[7,40]],[[516,339],[-15,-92],[-47,-43],[-44,16],[-90,-32],[-5,-62],[-3,-63],[-263,5],[-25,-68],[-24,187],[21,46],[26,62],[26,-76],[16,-65],[53,-18],[37,42],[33,-28],[-24,40],[21,59],[52,-11],[113,29],[25,37],[67,-47],[13,38]],[[741,309],[36,-44],[112,87],[53,-102],[-10,-65],[-64,-26],[-46,-46],[-60,9],[-49,55]]],"transform":{"scale":[0.0031963787430998535,0.0014603009284332553],"translate":[-16.829701300999943,13.065008856000077]},"objects":{"GMB_clustered":{"type":"GeometryCollection","geometries":[{"arcs":[[0,1,2,3,4,5]],"type":"Polygon","properties":{"game_region_idx":0,"region_idx":0}},{"arcs":[[[-5,6]],[[7,-3]]],"type":"MultiPolygon","properties":{"game_region_idx":1,"region_idx":1}},{"arcs":[[8,-1]],"type":"Polygon","properties":{"game_region_idx":2,"region_idx":2}}]}}}