{"type":"Topology","arcs":[[[1456,512],[-20,58],[-28,8],[30,76],[-15,108],[9,44],[-22,46],[9,60],[-19,50],[44,14],[-20,155],[-47,30],[46,108],[63,5],[-14,109],[42,32]],[[1514,1415],[401,-2],[2,-93],[40,-67],[-32,-168],[-83,7],[-68,-47],[-18,-54],[84,-49],[78,-72],[-4,-237],[-56,-18],[-36,46],[-21,-64],[-73,-23],[-172,23],[-100,-85]],[[1456,512],[-57,-38],[-108,-2],[-28,-27],[-64,-115],[-23,-94],[-63,-148],[-82,-88],[-21,46],[12,59],[65,115],[-81,-55],[-69,-111],[-27,36],[37,35],[-12,33],[-82,17],[-33,37],[-3,119],[55,26],[37,42],[-46,-34],[8,68],[-77,-93],[-37,8],[35,83],[-14,28],[81,56],[92,8],[9,56],[33,-48],[46,10],[-64,85],[-12,-29],[-24,73],[-9,-50],[-53,-50],[-13,41]],[[864,611],[-56,-2]],[[808,609],[-31,-21],[-8,44],[-33,-26],[-8,46],[73,123],[162,-11],[65,56],[13,-111],[57,-40],[30,-1],[7,13],[-17,-7],[-29,41],[-33,10],[-15,30],[50,79],[-56,24],[-88,-63],[-94,43],[-90,-21],[-32,-31]],[[731,786],[-51,54],[-27,53],[9,94],[-65,80],[19,50],[47,12],[86,66],[34,-19],[36,25],[-7,118]],[[812,1319],[112,86],[36,13],[210,-1],[344,-2]],[[731,786],[-85,-76],[-100,-46],[25,93],[-38,-71],[-71,-33],[-7,27],[29,101],[39,65],[55,24],[40,-28],[9,33],[-36,-11],[-19,19],[-48,9],[-54,-37],[-22,-51],[-100,-26],[-53,20],[-76,74],[-16,78],[65,104],[71,49],[-52,-6],[-51,-55],[-65,-6],[-33,-29],[-138,150],[88,-7],[79,11],[117,74],[93,9],[76,-22],[193,2],[166,95]],[[328,764],[111,22],[-23,-105],[-35,-11],[-46,42],[-7,52]],[[864,611],[-1,-63],[-82,1],[27,60]],[[470,221],[45,-103],[-67,-6],[22,109]],[[453,187],[-29,-73],[-26,77],[50,35],[5,-39]],[[404,154],[-18,-66],[-89,16],[48,106],[38,16],[21,-72]],[[529,304],[12,-72],[-38,28],[26,44]],[[658,304],[-49,-100],[-27,44],[34,53],[42,3]],[[323,237],[-72,8],[23,52],[58,2],[-9,-62]],[[653,459],[-9,-44],[-36,8],[45,36]],[[270,421],[-31,5],[42,44],[48,-10],[-59,-39]],[[256,460],[-94,-6],[20,48],[92,29],[-18,-71]],[[421,473],[46,77],[30,-23],[5,-101],[-89,-27],[-32,38],[40,36]],[[778,570],[-60,-98],[-42,15],[66,77],[36,6]]],"transform":{"scale":[0.0015357564961676088,0.0012353983321579777],"translate":[-16.668874470999896,10.92763906500005]},"objects":{"GNB_clustered":{"type":"GeometryCollection","geometries":[{"arcs":[[0,1]],"type":"Polygon","properties":{"game_region_idx":0,"region_idx":0}},{"arcs":[[2,3,4,5,6,-1]],"type":"Polygon","properties":{"game_region_idx":1,"region_idx":1}},{"arcs":[[[-6,7]],[[8]],[[9,-4]],[[10]],[[11]],[[12]],[[13]],[[14]],[[15]],[[16]],[[17]],[[18]],[[19]],[[20]]],"type":"MultiPolygon","properties":{"game_region_idx":2,"region_idx":2}}]}}}