{"type":"Topology","arcs":[[[1622,1538],[2,-43],[-30,-59],[-2,-46],[-63,-110],[66,-32],[12,-88],[44,-63],[-62,-15],[-35,-39]],[[1554,1043],[-32,-27],[-37,27],[15,31],[-53,23],[-41,-35],[-27,40],[-36,-14],[-21,32],[77,137],[16,60],[68,109],[-12,78],[16,77],[64,-43],[71,0]],[[1700,1538],[324,0],[3,-184]],[[2027,1354],[-105,0],[-17,13],[-10,80],[-51,-4],[-40,20],[-66,-31],[33,-36],[-13,-103],[143,-13],[-37,-33],[-34,-67],[45,-59],[22,-78]],[[1897,1043],[-343,0]],[[1622,1538],[78,0]],[[1066,2162],[27,54],[73,-1],[18,-49],[-34,-54],[-63,-135],[-77,25],[-17,35],[19,52],[31,-2],[23,75]],[[2027,1354],[2,-311],[-132,0]]],"transform":{"scale":[0.002814248334647631,0.0023543154720216475],"translate":[5.626231316000087,-1.4562313779999272]},"objects":{"GNQ_clustered":{"type":"GeometryCollection","geometries":[{"arcs":[[0,1]],"type":"Polygon","properties":{"game_region_idx":0,"region_idx":0}},{"arcs":[[[2,3,4,-1,5]],[[6]]],"type":"MultiPolygon","properties":{"game_region_idx":1,"region_idx":1}},{"arcs":[[7,-4]],"type":"Polygon","properties":{"game_region_idx":2,"region_idx":2}}]}}}