{"type":"Topology","arcs":[[[160,30],[-18,-30],[-52,17],[-90,-10],[61,37],[-2,98]],[[59,142],[96,2],[14,-35],[77,-21]],[[246,88],[-10,-33],[-76,-25]],[[278,231],[-32,-143]],[[59,142],[53,99]],[[112,241],[78,-34],[10,27],[78,-3]],[[161,293],[81,18],[36,-80]],[[112,241],[49,52]],[[538,600],[-101,-19],[101,119],[0,-100]]],"transform":{"scale":[0.000673731315985058,0.0007527087985714129],"translate":[-61.79051673099991,12.002834377000056]},"objects":{"GRD_clustered":{"type":"GeometryCollection","geometries":[{"arcs":[[0,1,2]],"type":"Polygon","properties":{"game_region_idx":0,"region_idx":0}},{"arcs":[[3,-2,4,5]],"type":"Polygon","properties":{"game_region_idx":1,"region_idx":1}},{"arcs":[[[6,-6,7]],[[8]]],"type":"MultiPolygon","properties":{"game_region_idx":2,"region_idx":2}}]}}}