{"type":"Topology","arcs":[[[1342,398],[-35,-6],[-14,-48],[33,-59],[-88,-45],[-25,-68],[-36,17],[-92,-71],[-37,-45],[1,-73],[-70,33],[-127,61],[-62,15]],[[790,109],[0,78],[55,84],[-24,31],[59,42],[27,97],[50,10],[10,56],[27,36],[-63,44],[-5,60],[-25,26],[-95,-9],[-30,11],[-25,56],[-44,31],[-36,54],[3,63],[85,-24],[73,-2],[19,29],[5,45],[-77,13],[-20,49],[46,45],[-31,70],[-62,23],[-15,36],[39,78],[-12,48],[77,43],[23,-26],[60,20],[-6,27]],[[878,1353],[113,-16],[161,-52],[13,-27],[57,9],[31,-22],[80,1],[1,-30],[57,11],[19,30],[59,-4]],[[1469,1253],[96,-3],[124,-24],[78,-61],[14,-27],[23,76],[30,5],[-64,61],[34,-6],[50,-49],[111,-76],[-47,-30],[-40,-58],[-280,-249],[-85,-40],[-21,-91],[-18,-46],[40,-72],[-8,-73],[-41,-5],[-75,-74],[-48,-13]],[[878,1353],[1,131],[32,34],[-80,71],[-44,-4],[0,63],[-49,89],[-162,99],[-27,58],[-24,5],[-58,93],[-37,0],[-32,38],[214,-2],[1,317],[14,8],[343,0],[536,-1],[6,-448],[-17,-311],[-26,-340]],[[41,435],[-41,34],[41,90],[-14,65],[18,104],[39,45],[-63,94],[-1,31],[49,95],[172,341],[14,12],[356,1],[248,1],[19,5]],[[790,109],[-138,-5],[-125,9],[-73,16],[-115,59],[-52,34],[-122,96],[-124,117]]],"transform":{"scale":[0.002048508830025434,0.0017359182252526767],"translate":[-92.24625650399989,13.731404008980572]},"objects":{"GTM_clustered":{"type":"GeometryCollection","geometries":[{"arcs":[[0,1,2,3]],"type":"Polygon","properties":{"game_region_idx":1,"region_idx":1}},{"arcs":[[-3,4]],"type":"Polygon","properties":{"game_region_idx":0,"region_idx":0}},{"arcs":[[5,-2,6]],"type":"Polygon","properties":{"game_region_idx":2,"region_idx":2}}]}}}