{"type":"Topology","arcs":[[[1202,89],[98,156],[67,157],[28,47],[4,82],[41,60],[-26,62],[-44,53],[-22,117],[-54,77],[-34,136],[-32,39],[66,135]],[[1294,1210],[90,7],[30,77],[51,51],[73,117],[38,150],[-32,36],[-10,47],[35,5],[-1,51],[44,39]],[[1612,1790],[23,21],[73,-36],[52,-53],[12,-72],[-10,-85],[-68,-106],[18,-110],[-87,-13],[-96,0],[-55,-24],[-28,-33],[34,-63],[-48,-85],[-6,-45],[-42,-46],[14,-57],[75,-78],[10,-37],[77,-52],[-5,-42],[38,-16],[108,15],[14,-91],[42,-112],[61,-60],[14,-50],[70,-86],[51,-82],[52,-4],[41,-27],[-66,-2],[-70,-22],[-85,16],[-39,36],[-56,-26],[-43,8],[-37,-25],[-55,-67],[-96,-1],[-81,-17],[-18,-50],[-50,1],[-77,26],[-23,-36],[-48,-13]],[[1154,1864],[6,-25],[9,16],[6,62],[70,87],[52,-1],[42,-23],[44,2],[65,-39],[131,-100],[33,-53]],[[1294,1210],[-119,-4],[-95,51],[-22,87],[11,76],[-27,35],[17,31],[-107,55],[-44,47],[-73,-42],[-47,9],[-40,-26],[7,-47],[-145,-11],[-71,-77]],[[539,1394],[-52,40],[-101,-33],[-119,10],[-267,248],[46,71],[62,28],[-7,84],[-30,41],[33,61],[82,6],[11,29],[78,-19],[42,30],[102,33],[35,59],[-23,16],[-53,13],[-31,-22],[-39,34],[17,38],[-54,69],[54,38],[41,66],[54,1],[60,50],[88,34],[11,38],[74,42],[-85,95],[76,-67],[43,-14],[-9,29],[247,-124],[161,-139],[49,-28],[72,-74],[10,-91],[-22,-49],[-33,-60],[-8,-113]],[[1202,89],[-7,-66],[-68,6],[-38,-29],[-52,6],[-48,39],[-96,17],[-138,123],[-46,14],[15,26],[-43,4],[3,146],[-67,33],[-2,35],[-39,83],[17,132],[58,104],[-7,87],[66,33],[63,81],[-83,86],[17,69],[-107,47],[-86,3],[49,75],[20,127],[-44,24]]],"transform":{"scale":[0.002393836217008781,0.0028360596349267476],"translate":[-61.37960791099988,1.201271465000076]},"objects":{"GUY_clustered":{"type":"GeometryCollection","geometries":[{"arcs":[[0,1,2]],"type":"Polygon","properties":{"game_region_idx":0,"region_idx":0}},{"arcs":[[3,-2,4,5]],"type":"Polygon","properties":{"game_region_idx":1,"region_idx":1}},{"arcs":[[-5,-1,6]],"type":"Polygon","properties":{"game_region_idx":2,"region_idx":2}}]}}}