{"type":"Topology","arcs":[[[430,571],[-54,4],[-24,104]],[[352,679],[91,30],[19,44],[137,-25],[58,-92],[49,21],[-113,-119],[-32,36],[-91,-43],[54,-46],[15,-48],[51,60],[103,97],[41,-111],[22,45],[46,-20],[-35,-71],[21,-68],[-69,-40],[-33,86],[-58,4],[-32,-70],[80,-115],[-21,-77],[-59,126],[-18,-71],[-45,48],[-50,-38],[-25,61],[-20,19],[-47,51]],[[391,353],[54,18],[29,101],[-48,-12],[4,111]],[[590,138],[-63,-117],[-34,102],[-78,15],[-24,45],[76,15],[19,0],[82,-3],[22,-57]],[[427,0],[-34,74],[58,-25],[-24,-49]],[[224,270],[50,1]],[[274,271],[-17,-102],[-105,-54],[-56,-65],[-32,31],[-54,-45],[-10,73],[76,116],[52,-16],[96,61]],[[224,270],[50,1]],[[391,353],[-132,-15],[-65,43],[-86,8],[-25,65],[63,35],[82,122],[124,68]]],"transform":{"scale":[0.0006989362531172069,0.0005069824794155947],"translate":[113.83920332100001,22.17877838700008]},"objects":{"HKG_clustered":{"type":"GeometryCollection","geometries":[{"arcs":[[[0,1,2]],[[3]]],"type":"MultiPolygon","properties":{"game_region_idx":1,"region_idx":1}},{"arcs":[[[4]],[[5,6]]],"type":"MultiPolygon","properties":{"game_region_idx":0,"region_idx":0}},{"arcs":[[8,-1,-3]],"type":"Polygon","properties":{"game_region_idx":2,"region_idx":2}}]}}}