{"type":"Topology","arcs":[[[150,67],[-61,-66],[-42,-1],[-47,120],[9,30],[74,0],[67,-83]]],"transform":{"scale":[0.0025455729200003436,0.0011496310799998354],"translate":[73.35328209700003,-53.1892229149999]},"objects":{"HMD_clustered":{"type":"GeometryCollection","geometries":[{"arcs":[[0]],"type":"Polygon","properties":{"game_region_idx":0,"region_idx":0}}]}}}