{"type":"Topology","arcs":[[[194,751],[-68,113],[-23,-27],[-103,39],[3,36],[55,60],[42,5],[7,79],[-42,96],[31,51],[14,76],[83,39],[105,97],[146,135],[75,94],[50,30],[35,-24],[56,64],[49,18],[-9,30],[111,32]],[[811,1794],[-33,-78],[3,-44],[-16,-30],[29,-37],[-34,-62],[5,-57],[-46,-56],[-5,-81],[92,-49],[1,-57],[90,23],[55,-88],[34,17],[64,-25],[31,69],[97,3]],[[1178,1242],[41,-46],[-14,-26],[43,-141],[51,-56],[15,-92],[-53,-53],[-38,-65],[-7,-55],[-36,-5],[34,-81],[-36,-21],[-23,-116],[-43,22],[-4,-92],[-42,7],[15,-64],[57,-36],[51,58],[97,64]],[[1286,444],[34,-240],[-103,-46],[-5,-87],[-57,-71],[-139,1],[23,29],[-75,50],[-46,107],[66,65],[-34,17],[-17,-38],[-58,16],[-10,41],[-51,-57],[-47,29],[45,57],[-32,20],[43,173],[-23,18],[-29,39],[-103,-26],[-36,70],[-64,6],[-9,-32],[-62,-40],[-68,-13],[0,72],[-124,50],[0,36],[-45,-6],[-22,51],[-44,16]],[[2165,1075],[-11,-83],[-32,-37],[-25,20],[-34,-104],[24,-42],[-82,-35],[-54,-91],[-66,-55],[-67,-49],[-13,-69],[-49,-1],[-135,120],[-93,-121],[-15,-42],[-48,-17],[-65,20],[-92,-8],[-22,-37]],[[1178,1242],[51,40],[13,105],[45,26],[51,-8],[69,63],[77,-35],[69,49],[42,-22],[89,33],[48,64],[54,32],[37,-4],[91,-78],[72,-42],[55,-88],[78,-43],[46,-60],[0,561]],[[2165,1835],[161,-68],[-3,-50],[101,-9],[-81,51],[172,-32],[199,-199],[78,-45],[-7,-15],[-126,92],[-42,-33],[-26,43],[-35,-1],[13,-42],[29,30],[22,-105],[80,-68],[50,14],[-83,49],[-3,43],[109,-83],[3,-41],[67,23],[5,24],[48,-7],[-14,-71],[37,29],[-18,45],[-15,1],[-88,52],[11,16],[172,-105],[51,-113],[61,-29],[-67,-9],[-62,29],[-112,-96],[-102,-29],[-24,-30],[-155,-38],[-40,27],[-2,-49],[-48,23],[-59,-59],[-22,25],[-86,9],[-35,80],[-66,7],[-48,-46]],[[1451,1715],[32,-12],[117,76],[71,3],[38,63],[112,-20],[101,-62],[117,9],[88,62],[38,1]],[[811,1794],[55,-16],[53,-58],[82,31],[96,-32],[135,-20],[54,26],[36,-11],[129,1]],[[1368,2016],[37,44],[109,34],[-146,-78]]],"transform":{"scale":[0.0020146060063213813,0.0016391688434268734],"translate":[-89.36162085,12.979777324000068]},"objects":{"HND_clustered":{"type":"GeometryCollection","geometries":[{"arcs":[[0,1,2,3]],"type":"Polygon","properties":{"game_region_idx":2,"region_idx":2}},{"arcs":[[4,-3,5,6]],"type":"Polygon","properties":{"game_region_idx":0,"region_idx":0}},{"arcs":[[[7,-6,-2,8]],[[9]]],"type":"MultiPolygon","properties":{"game_region_idx":1,"region_idx":1}}]}}}