{"type":"Topology","arcs":[[[875,1072],[29,13],[53,-49],[23,34],[19,-187],[-17,-86],[40,-43],[-8,-60],[-44,-77],[23,-135],[-26,-66]],[[967,416],[-55,40],[-57,-24],[-93,103]],[[762,535],[42,6],[17,270],[-16,94],[-42,84],[-20,-28],[-44,34],[-21,90],[-28,47],[40,44]],[[690,1176],[65,-42],[19,-37],[101,-25]],[[967,416],[-18,-40],[-60,-12],[36,-66],[-1,-41],[69,-87],[-20,-77],[0,-85],[-55,92],[-51,34],[-174,-10],[3,-25],[-74,-4],[-47,-22],[-44,25],[-108,45],[-121,5],[-71,-92],[-10,-56],[-34,73],[-77,97],[-53,-5],[-44,48],[-13,43],[23,114],[52,37],[43,-5],[126,-74],[25,1],[48,-29],[28,16],[169,-41],[108,-19],[45,80],[92,-19],[17,93],[-80,73],[-57,101]],[[639,584],[79,9],[44,-58]],[[441,542],[-14,30],[35,27],[127,-90],[14,-68],[-82,25],[-80,76]],[[588,1311],[80,-51],[-5,-15],[-115,49],[40,17]],[[491,1019],[-104,4],[-21,57],[13,34],[95,101],[33,-16],[107,20],[76,-43]],[[639,584],[-40,85],[37,16],[-31,81],[37,136],[-115,99],[-36,18]]],"transform":{"scale":[0.0027887034618395857,0.0015731023943554442],"translate":[-74.48916581899994,18.026190497000073]},"objects":{"HTI_clustered":{"type":"GeometryCollection","geometries":[{"arcs":[[0,1,2,3]],"type":"Polygon","properties":{"game_region_idx":1,"region_idx":1}},{"arcs":[[[4,5,-2]],[[6]]],"type":"MultiPolygon","properties":{"game_region_idx":0,"region_idx":0}},{"arcs":[[[7]],[[8,-3,-6,9]]],"type":"MultiPolygon","properties":{"game_region_idx":2,"region_idx":2}}]}}}