{"type":"Topology","arcs":[[[1800,1176],[50,46],[64,2],[16,67],[76,-5],[140,76],[28,49]],[[2174,1411],[41,0],[30,-85],[45,0],[43,-75],[52,8],[47,-90],[-47,-65],[-66,-36],[-39,16],[-69,-38],[-38,-70],[-60,-48],[5,-52],[-50,-52],[-33,-97],[-49,-50],[-46,-157],[-68,-57],[-65,-179],[-36,-25],[-88,17]],[[1683,276],[-31,69],[-37,-5],[-5,34],[1,162],[-59,26],[-2,33],[103,31],[-2,48],[106,118],[12,60],[-19,116],[-56,59],[77,53],[29,96]],[[1683,276],[-45,-67],[-70,20],[-81,-35],[-46,23],[-18,-4],[-126,7],[-58,3],[-103,-97],[-71,17],[-30,-48],[-57,-9]],[[978,86],[-13,103],[46,78],[2,134],[-22,61],[51,50],[-26,74],[10,78],[4,20],[107,63],[21,-70],[74,51],[42,-55],[61,-35],[93,39],[25,-21],[-32,91],[-13,52],[-8,42],[-113,111],[-3,31],[-34,75],[-44,-17],[-15,62],[-119,20],[-45,31],[-9,72]],[[1018,1226],[104,3],[93,27],[50,62],[52,-37],[49,-18],[48,28],[103,55],[56,130],[108,23],[117,-42],[113,38],[109,-117],[154,33]],[[642,1066],[15,-74],[-16,-84],[30,-58],[49,7],[2,-55],[43,-64],[-18,-96],[-38,10],[-147,-87],[-130,-40],[-28,-36],[-14,-118],[-41,-10],[-5,-18],[-62,-41]],[[282,302],[-79,80],[-52,20],[-53,104],[-34,89],[-64,-1],[65,75],[76,-3],[-22,187],[72,50],[22,41],[-47,57],[-54,16],[73,48],[38,-29],[129,7],[-26,82],[65,83],[55,-12],[84,-89],[112,-41]],[[642,1066],[126,1],[207,41],[-25,74],[68,44]],[[978,86],[-53,3],[-94,-89],[-72,22],[-122,-6],[-77,42],[-23,44],[-88,11],[-53,87],[-30,2],[-84,100]]],"transform":{"scale":[0.002789294929276288,0.0018851555610406951],"translate":[16.09403527800012,45.743203837000024]},"objects":{"HUN_clustered":{"type":"GeometryCollection","geometries":[{"arcs":[[0,1,2]],"type":"Polygon","properties":{"game_region_idx":0,"region_idx":0}},{"arcs":[[3,4,5,-1,-3]],"type":"Polygon","properties":{"game_region_idx":1,"region_idx":1}},{"arcs":[[6,7]],"type":"Polygon","properties":{"game_region_idx":3,"region_idx":3}},{"arcs":[[-7,8,-5,9]],"type":"Polygon","properties":{"game_region_idx":2,"region_idx":2}}]}}}