{"type":"Topology","arcs":[[[12987,2310],[-14,-175],[-45,61],[-116,2],[14,82],[161,30]]],"transform":{"scale":[0.0006807563773773744,0.0007658546965367882],"translate":[96.86312910200007,-12.199965101999908]},"objects":{"IOA_clustered":{"type":"GeometryCollection","geometries":[{"type":null,"properties":{"game_region_idx":0,"region_idx":0}},{"arcs":[[0]],"type":"Polygon","properties":{"game_region_idx":1,"region_idx":1}}]}}}