{"type":"Topology","arcs":[[[4687,107],[51,-15],[-186,-92],[-26,242],[-182,57],[-32,59],[240,-101],[24,-54],[-24,-188],[135,92]]],"transform":{"scale":[0.0002573272327441126,0.00045223881168965076],"translate":[71.26140384200005,-7.432224216999942]},"objects":{"IOT_clustered":{"type":"GeometryCollection","geometries":[{"arcs":[[0]],"type":"Polygon","properties":{"game_region_idx":0,"region_idx":0}}]}}}