{"type":"Topology","arcs":[[[1093,2917],[-6,18],[62,13],[49,77],[65,-14],[45,18],[76,-18],[44,-28],[126,-6],[53,32],[47,-22],[-13,-61],[38,-40],[82,69],[48,0],[10,-32],[34,-19],[-15,-85],[50,-19],[15,-33],[-11,-49],[31,-41],[39,0],[6,-52],[27,-63],[4,-41],[28,13],[59,-29],[22,-38],[29,-7],[74,18],[38,-22],[29,11],[-13,-41],[-73,-21],[-10,-60],[62,-101],[-8,-43],[-69,-4],[-36,-67],[-51,-67],[21,-62],[-60,15],[1,-35],[-26,-19],[44,-65],[-8,-50],[-47,-56],[32,-13],[75,-130],[46,18],[24,-49]],[[2182,1617],[-14,-30],[-75,-54],[-57,-73],[-112,33],[-85,6],[-51,-57],[-16,22],[-22,-26],[-11,62],[12,70],[-35,22],[-46,-18]],[[1670,1574],[-10,20],[-34,20],[-49,66],[-51,-1],[-113,36],[-111,113],[-32,88],[-9,65],[-36,-20],[-82,57],[-12,52],[-3,85],[-66,-9],[-88,6],[-123,50],[-117,21]],[[734,2223],[21,122],[31,59],[-6,74],[-32,67],[12,114],[41,63],[131,33],[161,162]],[[2702,793],[-1,-89],[104,-6],[-1,-187],[44,-14],[13,-37],[21,0],[39,-38],[-5,-23],[42,-83],[-56,12],[-38,23],[-52,4],[-28,-16],[-83,38],[-96,-2],[-75,-48],[-46,-124],[-32,-64],[-89,-117],[-62,-22],[-280,27],[-225,24],[-263,223]],[[1533,274],[70,129],[55,163],[28,44],[35,21],[63,95],[23,129],[76,-53],[40,129],[-26,23],[81,18],[128,-33],[22,5],[-18,108],[30,-2],[70,23],[79,0],[79,-8],[8,55],[-46,32],[-2,69],[11,69],[36,81]],[[2375,1371],[158,-132],[68,-1],[50,-94],[-5,-19],[53,-49],[50,-92],[-46,-129],[-1,-62]],[[2182,1617],[22,-47],[36,-39],[4,-34],[-42,-23],[28,-16],[-8,-39],[54,2],[99,-50]],[[1533,274],[-316,269]],[[1217,543],[77,181],[22,106],[39,107],[52,79],[105,56],[12,29],[-32,31],[-65,51],[-71,74],[-10,22],[86,27],[81,63],[60,3],[52,-16],[4,35],[-26,28],[-12,49],[-60,41],[128,-23],[14,19],[-18,41],[15,28]],[[1217,543],[-215,192],[-160,99],[-341,208],[-120,27],[-268,48],[44,43],[-17,40],[-58,-16],[-20,61],[24,7],[-86,319],[336,202],[246,148],[74,20],[16,16],[63,124],[-1,142]]],"transform":{"scale":[0.0032947961707234575,0.0027420582964674885],"translate":[38.77451135200005,29.06313669900003]},"objects":{"IRQ_clustered":{"type":"GeometryCollection","geometries":[{"arcs":[[0,1,2,3]],"type":"Polygon","properties":{"game_region_idx":1,"region_idx":1}},{"arcs":[[4,5,6]],"type":"Polygon","properties":{"game_region_idx":0,"region_idx":0}},{"arcs":[[7,-6,8,9,-2]],"type":"Polygon","properties":{"game_region_idx":2,"region_idx":2}},{"arcs":[[-3,-10,10]],"type":"Polygon","properties":{"game_region_idx":3,"region_idx":3}}]}}}