{"type":"Topology","arcs":[[[549,669],[87,-10],[159,-45]],[[795,614],[14,-80],[32,-70],[-50,-34],[-84,-15],[48,-262]],[[755,153],[-28,-112],[29,-41],[-52,5],[-65,84],[-46,36],[-67,-10],[-39,13]],[[487,128],[-44,239],[-3,79],[-88,12],[28,237]],[[380,695],[169,-26]],[[216,643],[25,3],[36,60],[103,-11]],[[487,128],[-99,-3],[-39,27],[-33,57],[-4,59],[-74,29],[-69,129],[-95,-6],[-71,27],[-3,66],[9,61],[63,67],[144,2]],[[932,246],[-39,-114],[-26,-25],[-52,12],[-2,35],[-58,-1]],[[795,614],[109,-4],[3,-28],[79,-91],[39,-5],[91,-55],[127,-42],[59,-139],[43,-71],[-74,-40],[-67,7],[-68,-15],[-56,12],[-27,48],[-44,22],[-53,15],[-24,18]]],"transform":{"scale":[0.0016045092482167784,0.001144971117563745],"translate":[-78.34604260685148,17.71043528900009]},"objects":{"JAM_clustered":{"type":"GeometryCollection","geometries":[{"arcs":[[0,1,2,3,4]],"type":"Polygon","properties":{"game_region_idx":0,"region_idx":0}},{"arcs":[[5,-4,6]],"type":"Polygon","properties":{"game_region_idx":1,"region_idx":1}},{"arcs":[[7,-2,8]],"type":"Polygon","properties":{"game_region_idx":2,"region_idx":2}}]}}}