{"type":"Topology","arcs":[[[279,1097],[1,-36],[-17,-20],[-17,-28],[10,-22],[10,-20],[99,-7],[21,-17],[306,-121]],[[692,826],[-188,-65],[-10,-3],[65,-81]],[[559,677],[-263,1],[-75,2],[-7,50],[-89,9]],[[125,739],[11,83],[14,27],[-9,96],[9,44],[1,150],[43,32],[39,-9],[46,-65]],[[98,570],[22,60],[-10,51],[15,58]],[[559,677],[63,-79],[124,-168],[-86,-62],[-40,-105],[-176,-43],[-12,-11],[-56,-112],[-101,-97],[-80,10],[-195,40],[12,60],[-10,9],[46,197],[-1,91],[30,96],[21,67]],[[279,1097],[23,4],[48,-47],[110,-23],[304,224],[177,125],[69,-289],[-19,-7],[17,-56],[46,15],[14,-36],[-72,-78],[-304,-103]]],"transform":{"scale":[0.004066118003936885,0.0030229402253623646],"translate":[34.9493851167955,29.20002756800004]},"objects":{"JOR_clustered":{"type":"GeometryCollection","geometries":[{"arcs":[[0,1,2,3]],"type":"Polygon","properties":{"game_region_idx":2,"region_idx":2}},{"arcs":[[4,-3,5]],"type":"Polygon","properties":{"game_region_idx":1,"region_idx":1}},{"arcs":[[-1,6]],"type":"Polygon","properties":{"game_region_idx":0,"region_idx":0}}]}}}