{"type":"Topology","arcs":[[[732,2758],[0,-356],[35,-16],[-7,-69],[44,-13],[42,-29],[22,-66],[25,-23],[5,-39],[35,-5],[21,40],[16,-6],[28,-69],[23,-20],[25,-62],[59,-1],[37,-29],[46,-69],[32,-31],[28,-52],[98,25],[28,-28],[4,-41],[31,-41],[8,-104],[-20,2],[-58,-31],[-45,-7],[-44,-29],[-63,4],[-30,43],[-65,18],[-58,-10],[-18,-53],[154,-17],[21,-54],[-12,-44],[-50,-41],[-43,-15],[-28,-36],[7,-40],[-48,-15],[-25,47],[-48,-7],[-42,14],[34,33],[-59,34],[-71,-36],[-19,-84],[17,-33],[39,-4],[10,-56],[36,-9],[4,-49],[23,-66],[-27,-77],[58,-14],[66,-35],[37,-14],[6,-37],[55,-60],[7,-39],[141,-74],[33,-5],[-31,-58],[101,-103],[7,-23]],[[1369,574],[-32,-119],[-49,-6]],[[1288,449],[-12,44],[-320,159],[-292,145],[-383,190],[-227,113],[-50,11],[-4,103],[20,165],[-20,68],[66,78],[21,72],[35,15],[46,49],[41,86],[20,1],[5,15],[74,24],[-7,47],[68,87],[-4,129],[-34,74],[19,39],[-35,37],[-30,77],[-31,2],[-22,26],[-10,46],[-38,25],[-17,63],[20,53],[-1,31],[-51,11],[-17,24],[-26,-4],[14,32],[-41,0],[-5,64],[-32,40],[138,121],[97,44],[197,65],[56,15],[-5,-31],[60,-7],[-17,-38],[30,-48],[31,-9],[75,9],[6,-34],[36,-19]],[[1838,2470],[9,-136],[-71,-40],[-49,-102],[-29,-16],[20,-117],[83,-119],[90,-64],[-59,-26],[57,-134],[-47,-22],[-51,-65],[-113,-38],[-45,-42],[18,-70],[0,-85]],[[1651,1394],[-68,13],[-44,-17],[154,-237],[43,-85],[1,-164],[-13,-23],[6,-62],[-62,-110],[-56,-24],[140,-183],[-85,-8],[-46,4],[-40,20],[-33,-6],[-31,19],[-31,44],[-43,26],[-74,-27]],[[732,2758],[272,-4],[58,-18],[33,-27],[294,-168],[43,-35],[98,-4],[36,8],[136,-34],[59,4],[38,-15],[39,5]],[[2600,907],[-183,-10],[-282,-111],[-20,78],[1,59],[-27,44],[-9,67],[-41,73],[-25,99],[-61,60],[-13,43],[-56,48],[-42,17],[-56,2],[-29,27],[-42,-17],[-64,8]],[[1838,2470],[82,-26],[13,28],[58,49],[35,62],[182,77],[129,50],[83,-60],[37,-38],[34,-8],[73,4],[92,15],[63,-6],[-185,-235],[-128,-117],[1,-398],[0,-265],[0,-189],[4,-262],[185,-212],[4,-32]],[[2600,907],[-86,-88],[-22,14],[-64,-37],[-49,9],[13,-61],[-44,-22],[12,-26],[-73,-54],[-31,9],[-46,-11],[-49,-29],[-24,-32],[-4,-52],[21,-18],[-36,-57],[4,-21],[-54,-38],[-39,-73],[3,-23],[-27,-67],[-30,-40],[-19,19],[-27,-14],[35,-24],[-43,-96],[-45,-56],[-36,6],[-38,-25],[-232,149],[-251,160],[-16,35],[-42,8],[-3,33],[37,27],[-7,37]],[[2436,795],[35,-19],[-58,-17],[23,36]]],"transform":{"scale":[0.002939113716807656,0.003307625208724915],"translate":[33.89356896900006,-4.677504164999931]},"objects":{"KEN_clustered":{"type":"GeometryCollection","geometries":[{"arcs":[[0,1,2]],"type":"Polygon","properties":{"game_region_idx":0,"region_idx":0}},{"arcs":[[3,4,-1,5]],"type":"Polygon","properties":{"game_region_idx":1,"region_idx":1}},{"arcs":[[6,-4,7]],"type":"Polygon","properties":{"game_region_idx":2,"region_idx":2}},{"arcs":[[[8,-2,-5,-7]],[[9]]],"type":"MultiPolygon","properties":{"game_region_idx":3,"region_idx":3}}]}}}