{"type":"Topology","arcs":[[[2163,2117],[189,-11],[33,-21],[126,12],[52,-40],[93,-28],[32,20],[25,-92],[50,-91],[133,-25],[79,-134],[13,-60],[-20,-36],[-92,-11],[-26,-69],[-91,-58],[-29,5],[-89,-83],[-82,-59],[-15,-34],[-70,-57],[0,-51],[-35,-66],[-42,-76],[-56,14],[-107,-46],[-126,35],[-65,-56],[1,-45],[-38,-78],[-2,-58],[-47,-121],[-37,-41],[-19,56],[-87,-75],[-65,-10],[-4,90],[-22,92],[-28,1],[-78,-98],[-42,0],[-56,38]],[[1519,750],[-68,30],[-147,234]],[[1304,1014],[29,60],[-19,43],[87,35],[-11,50],[76,42],[31,134],[-16,12],[-78,-49],[-89,10],[-35,31],[3,45],[45,-54],[-6,66],[-33,12],[0,53],[-69,31],[20,40],[-113,35],[-73,68],[-9,56],[54,32],[68,-3],[42,66],[-49,10]],[[1159,1839],[-26,96],[26,116],[-3,57],[38,96],[73,39],[17,49],[63,-13],[-5,38],[102,-83],[43,-66],[40,-14],[85,-71],[127,-25],[34,68],[79,5],[100,-26],[70,12],[72,45],[69,-45]],[[1519,750],[-13,-50],[21,-53],[-43,2],[-91,-128],[-99,-25],[-49,-146],[28,-121],[-28,-71],[-123,-14],[-63,-51],[-81,2],[-50,21],[-91,-37],[-21,-79],[-51,102],[-86,-48],[2,93],[-62,6],[0,72],[-41,1],[-33,-41],[-47,-11],[-15,-50],[-84,6],[-21,83],[-44,20],[-69,-43],[-15,17],[-86,-10],[-44,24],[-100,-36],[-20,134],[24,135],[25,-52],[26,15],[-9,73],[135,91],[92,-72],[59,-29],[-21,-65],[40,24],[12,70],[87,60],[25,48],[50,27],[118,-99],[44,58],[48,7],[-15,31],[38,63],[37,19],[37,-43],[15,42],[-20,82],[63,-54],[44,38],[10,54],[90,64],[5,30]],[[1059,936],[34,40],[-1,45],[56,63],[62,-2],[-28,-46],[34,-31],[38,96],[50,-87]],[[483,551],[-15,-45],[43,-116],[34,89],[-62,72]],[[341,394],[26,-66],[34,32],[-60,34]],[[1059,936],[-36,20],[-104,6],[-38,75],[-85,-7],[1,96],[-80,15],[-3,67],[-29,77],[-32,-10],[-31,-76],[-30,21],[3,-98],[-66,-30],[-42,46],[-69,28],[-3,76],[-34,54],[-42,-36],[-84,99],[77,76],[27,64],[74,64],[6,53],[35,8],[74,88],[-46,47],[-36,-19],[-25,33],[40,147],[40,65],[69,66],[49,-20],[71,43],[70,-48],[51,6],[50,-45],[67,-16],[31,-56],[74,-3],[55,-32],[3,-37],[48,-4]]],"transform":{"scale":[0.003691509745983931,0.0017573555481225852],"translate":[69.22629602000012,39.18990875300004]},"objects":{"KGZ_clustered":{"type":"GeometryCollection","geometries":[{"arcs":[[0,1,2,3]],"type":"Polygon","properties":{"game_region_idx":0,"region_idx":0}},{"arcs":[[4,5,-2],[6],[7]],"type":"Polygon","properties":{"game_region_idx":1,"region_idx":1}},{"arcs":[[-3,-6,8]],"type":"Polygon","properties":{"game_region_idx":2,"region_idx":2}}]}}}