{"type":"Topology","arcs":[[[2237,2070],[44,-14],[45,-55],[80,0],[44,58],[25,-18],[69,48],[40,54],[66,-29],[55,83],[-8,-84],[-26,-55],[-35,-6],[-35,-155],[12,-51],[45,-19],[7,-103],[80,-128],[7,-69],[-19,-55],[-59,-140],[39,-114],[15,-99],[-26,-135],[-63,-46],[-38,39],[-88,-27],[-91,-92],[-97,-16],[-47,-49],[-159,-3]],[[2119,790],[-115,-5],[-11,46],[-51,25],[-43,56],[-67,4],[-44,28],[11,40],[-15,84],[-127,-25],[-57,13],[-27,-68],[-43,21],[-67,-11],[33,-79],[-42,-6],[-101,29],[-20,-14],[-29,153],[-119,33],[-51,-40],[-52,17]],[[1082,1091],[-111,101],[43,53],[57,34],[43,82],[11,77],[39,29],[8,67],[53,78],[-134,20],[-16,159],[31,113],[24,31],[-29,29],[9,54]],[[1110,2018],[71,28],[92,15],[105,-30],[1,-41],[38,-45],[56,60],[95,-113],[102,27],[44,-31],[66,-8],[79,-84],[80,-4],[49,80],[-69,79],[-20,72],[94,1],[40,63],[47,-24],[51,12],[49,63],[57,-68]],[[2119,790],[23,-52],[-21,-61],[19,-35],[-77,-1],[-69,36],[-73,13],[-42,-66],[-59,-1],[-15,-30],[31,-18],[10,-69],[-14,-63],[67,-51],[59,-69],[23,14],[26,-58],[-28,-32],[26,-73],[-83,27],[-45,40],[-36,-30],[-57,91],[-70,-23],[-75,-15],[-33,11],[-43,-59],[-62,22],[-89,16],[-12,-37],[26,-53],[-110,-111],[-80,-3],[-76,-3],[-32,-47],[-36,12],[-62,14],[-19,38],[-103,2],[-80,31],[-31,32],[-26,-72],[-96,-19],[-61,69],[32,46],[63,9]],[[709,162],[51,77],[81,49],[105,89],[-27,59],[13,39],[-23,79],[-138,76],[-16,73],[8,52],[37,6],[42,38],[67,-3],[20,53],[45,14],[12,87],[64,36],[29,44],[3,61]],[[359,1958],[63,41],[166,28],[112,29],[5,-24],[98,-21],[91,7],[106,23],[110,-23]],[[709,162],[17,78],[-25,87],[-73,51],[-31,-15],[-30,-91],[-33,-44],[-40,31],[-50,-35],[-44,36],[9,117],[-29,30],[40,49],[-29,60],[19,13],[-44,44],[-40,7],[-21,107],[-77,144],[-38,68],[12,84],[25,43],[-107,106],[-33,12],[5,74],[-21,66],[13,35],[-56,73],[-28,71],[1,107],[1,41],[94,2],[44,19],[-29,23],[82,58],[39,89],[50,44],[26,84],[51,28]],[[505,156],[-11,-30],[-39,38],[50,-8]],[[369,478],[-20,-50],[-9,74],[29,-24]]],"transform":{"scale":[0.0019194452154796602,0.0019466749613108554],"translate":[102.32820316600004,10.427736715000066]},"objects":{"KHM_clustered":{"type":"GeometryCollection","geometries":[{"arcs":[[0,1,2,3]],"type":"Polygon","properties":{"game_region_idx":0,"region_idx":0}},{"arcs":[[-2,4,5]],"type":"Polygon","properties":{"game_region_idx":1,"region_idx":1}},{"arcs":[[[6,-3,-6,7]],[[8]],[[9]]],"type":"MultiPolygon","properties":{"game_region_idx":2,"region_idx":2}}]}}}