{"type":"Topology","arcs":[[[558745,23115],[75,47],[139,13],[-14,-32],[-135,7],[-65,-35]],[[36527,124],[43,-124],[-62,61],[19,63]],[[31376,13382],[115,27],[-39,-114],[-76,87]],[[4584,15575],[72,-52],[-34,101],[39,-39],[7,-75],[-84,65]],[[564770,15981],[104,-83],[-38,-4],[-66,87]],[[564164,18285],[57,-74],[8,-93],[-65,167]],[[563521,18283],[-86,86],[35,3],[51,-89]],[[561521,18520],[22,-111],[-37,12],[-15,129],[-48,93],[44,-25],[34,-98]],[[560021,21503],[137,-88],[7,-36],[-144,124]],[[27873,23879],[19,-82],[-108,-9],[-65,67],[-199,57],[-62,33],[-127,112],[-85,33],[60,88],[10,-114],[175,-50],[-64,54],[34,59],[38,-68],[6,119],[61,-49],[43,82],[-86,39],[-141,118],[117,-25],[61,-54],[102,-33],[-41,-202],[36,-45],[164,-112],[52,-18]],[[558622,26369],[12,-25],[-132,-51],[120,76]],[[24507,27693],[50,-84],[-16,-53],[-73,-26],[-83,63],[106,-25],[5,76],[-71,43],[-28,67],[-65,-36],[42,-88],[-68,40],[5,73],[48,55],[55,-13],[36,-85],[57,-7]]],"transform":{"scale":[0.00062205059594352,0.0005535568167465752],"translate":[-174.52928626199989,-11.454685153999947]},"objects":{"KIR_clustered":{"type":"GeometryCollection","geometries":[{"arcs":[[[0]],[[1]],[[2]],[[3]],[[4]],[[5]],[[6]],[[7]],[[8]],[[9]],[[10]],[[11]]],"type":"MultiPolygon","properties":{"game_region_idx":0,"region_idx":0}},{"type":null,"properties":{"game_region_idx":1,"region_idx":1}}]}}}