{"type":"Topology","arcs":[[[416,56],[-8,25],[24,97],[24,28],[93,-38],[17,-92],[-51,-76],[-82,7],[-17,49]],[[0,563],[61,60],[93,-46],[69,-46]],[[223,531],[-26,-67],[-16,0],[-30,-67]],[[151,397],[-107,65],[-44,101]],[[235,385],[-84,12]],[[223,531],[48,-46],[40,-85],[78,-83],[22,-66],[-62,0],[-19,76],[-95,58]]],"transform":{"scale":[0.0005648062060976661,0.0004969025890850637],"translate":[-62.85663642678882,17.100531317000048]},"objects":{"KNA_clustered":{"type":"GeometryCollection","geometries":[{"arcs":[[0]],"type":"Polygon","properties":{"game_region_idx":0,"region_idx":0}},{"arcs":[[1,2,3]],"type":"Polygon","properties":{"game_region_idx":1,"region_idx":1}},{"arcs":[[4,-3,5]],"type":"Polygon","properties":{"game_region_idx":2,"region_idx":2}}]}}}