{"type":"Topology","arcs":[[[83,567],[-57,47],[25,92],[-51,62],[33,43],[70,-27],[28,57],[60,15],[102,27],[12,28]],[[305,911],[89,-56],[73,6],[59,-20],[8,-59],[51,-25],[29,-23]],[[614,734],[0,-52],[3,-52],[-74,-60],[-6,-20],[12,-45],[-100,-36],[-7,-47],[-81,-27],[-69,-52]],[[292,343],[-92,71],[-67,7],[-50,146]],[[494,208],[-23,-153],[-44,-55],[-75,25],[21,66],[-30,110],[-51,142]],[[614,734],[47,27],[36,69],[9,-27],[53,-7],[72,42],[54,-43]],[[885,795],[60,-20],[86,-45],[99,-9],[-30,-104],[-64,-89],[-1,-54],[-67,-60],[30,-62],[-52,1],[-78,-25],[-80,-107],[-91,86],[-80,-53],[-123,-46]],[[402,1055],[17,50],[-47,66],[96,59],[48,4],[13,-76],[100,-58],[65,-12],[47,-92],[29,10],[33,-96],[90,-28],[-8,-87]],[[305,911],[-12,69],[92,49],[17,26]]],"transform":{"scale":[0.0015395003681416672,0.0011453825761749907],"translate":[20.024751424000016,41.84401031600008]},"objects":{"KOS_clustered":{"type":"GeometryCollection","geometries":[{"arcs":[[0,1,2,3]],"type":"Polygon","properties":{"game_region_idx":0,"region_idx":0}},{"arcs":[[4,-3,5,6]],"type":"Polygon","properties":{"game_region_idx":1,"region_idx":1}},{"arcs":[[7,-6,-2,8]],"type":"Polygon","properties":{"game_region_idx":2,"region_idx":2}}]}}}