{"type":"Topology","arcs":[[[451,360],[2,-6],[-8,-20]],[[445,334],[-32,-99],[-102,-33]],[[311,202],[-4,8],[-307,47],[109,159],[36,80],[52,155],[84,60],[107,3],[93,-48],[25,-97],[54,-100],[-73,7],[-88,-97],[45,11],[7,-30]],[[619,537],[-42,-50],[-62,91],[48,84],[53,-88],[3,-37]],[[445,334],[12,-37],[54,11],[24,2]],[[535,310],[18,-89],[58,-118],[22,-7],[13,-93],[-260,-3],[-24,34],[-51,168]],[[531,355],[4,-45]],[[451,360],[51,21],[29,-26]]],"transform":{"scale":[0.002941711264706017,0.002191471558823602],"translate":[46.53243575000005,28.53350494400003]},"objects":{"KWT_clustered":{"type":"GeometryCollection","geometries":[{"arcs":[[[0,1,2]],[[3]]],"type":"MultiPolygon","properties":{"game_region_idx":0,"region_idx":0}},{"arcs":[[-2,4,5]],"type":"Polygon","properties":{"game_region_idx":1,"region_idx":1}},{"arcs":[[6,-5,-1,7]],"type":"Polygon","properties":{"game_region_idx":2,"region_idx":2}}]}}}