{"type":"Topology","arcs":[[[609,2863],[-35,32],[5,98],[24,28],[-19,75],[-51,59],[-31,102],[31,23],[17,63],[46,10],[30,-37],[51,27],[37,-19],[38,-67],[129,-128],[21,-95],[62,64],[3,-41],[40,8],[9,-63],[-35,-106],[-26,-20],[44,-45],[67,-106],[97,-30]],[[1163,2695],[-57,-34],[-18,-91],[21,-63],[-43,-54],[8,-102],[-65,-38],[-3,-37],[-97,-77],[27,-83],[-60,-36],[-73,65],[-97,-2],[-49,-90],[-52,-41],[5,90],[29,48],[-32,31],[-20,68],[5,78],[-23,30],[-52,-42],[-107,-1],[-45,27],[-43,-22],[-87,15],[-30,-21],[-95,-9]],[[110,2304],[23,27],[26,115],[-30,13],[-55,82],[-61,-63],[-13,17],[40,163],[61,52],[79,3],[-32,19],[10,55],[33,16],[31,95],[23,-5],[140,93],[8,-114],[23,-28],[78,27],[79,-42],[17,10],[19,24]],[[1163,2695],[98,-53],[39,69],[99,49],[84,-31],[33,-43],[75,-43],[-20,-49],[-65,-37],[76,-11],[37,-28],[-8,-50],[57,3],[49,-51],[-69,-90],[15,-28],[-105,-73],[-45,32],[-63,5],[-65,-38],[26,-46],[-86,-72],[146,-77],[163,-122],[138,-37],[20,-26],[-32,-69],[63,-81]],[[1823,1698],[-44,-101],[-33,-20],[-74,25],[-13,28],[-86,60],[-41,-17],[-54,-127]],[[1478,1546],[-99,179],[-40,-12],[-99,44],[-78,17],[-44,-17],[10,-37],[-72,-65],[-17,-58],[-35,7],[-96,-62],[-35,47],[-92,32],[-48,58],[-41,-3],[-54,-61],[-40,14],[-22,-63],[-64,-38],[-51,-32],[-95,-106],[-87,52],[43,117],[55,62],[-3,106],[-44,41],[74,97],[-3,85],[30,62],[-31,37],[-13,121],[19,46],[-131,17],[-43,-52],[-103,22],[-19,101]],[[1642,1187],[23,89],[2,79],[-36,56],[-82,49],[-71,86]],[[1823,1698],[39,-39],[30,17],[54,-90],[-4,-29],[50,-88],[39,-26],[120,-133],[35,10],[42,-106],[46,-16],[0,-113],[77,-100],[25,40],[51,-91],[60,-45],[57,-47],[49,2],[-27,-62],[-65,-25],[-6,-35],[74,-103],[28,5],[74,-88],[-28,-93],[-27,-1],[-14,-34],[34,-27],[-13,-66],[-38,-69],[-45,22],[-120,-108],[-54,0],[-100,104],[-60,-55],[-39,16],[-27,-48],[-64,-1],[14,-54],[46,-61],[-33,-61],[-44,1],[-64,66],[-75,31],[-69,-22],[-54,93],[82,32],[33,65],[-7,75],[37,80],[-50,41],[39,70],[-27,40],[37,21],[21,81],[-13,34],[-71,30],[-18,61],[22,20],[-122,39],[-22,67],[-93,99],[9,73],[-12,90]]],"transform":{"scale":[0.0028305180531635918,0.0025519727187593017],"translate":[100.09727990800008,13.915456645000106]},"objects":{"LAO_clustered":{"type":"GeometryCollection","geometries":[{"arcs":[[0,1,2]],"type":"Polygon","properties":{"game_region_idx":1,"region_idx":1}},{"arcs":[[-2,3,4,5]],"type":"Polygon","properties":{"game_region_idx":2,"region_idx":2}},{"arcs":[[6,-5,7]],"type":"Polygon","properties":{"game_region_idx":0,"region_idx":0}}]}}}