{"type":"Topology","arcs":[[[359,272],[55,35],[44,-39],[43,-6]],[[501,262],[-40,-44],[-59,-26],[-64,-59],[-37,29],[-47,-140],[-100,-22],[-30,30],[-124,-7],[47,59],[65,208],[53,41],[19,55]],[[184,386],[68,-13],[81,25],[11,-70]],[[344,328],[15,-56]],[[344,328],[39,82],[90,120],[-23,14],[105,108],[50,80],[9,61],[-110,29],[-75,-3],[-64,22]],[[365,841],[6,48],[36,23],[80,105],[53,12],[55,44],[-2,72],[190,-8],[32,44],[56,-47],[-5,-50],[-37,-40],[61,0],[75,-61],[-10,-38],[44,-54],[16,-64],[-78,-80],[-9,-25],[-57,-7],[-84,-97],[68,-38],[-20,-27],[-72,23],[-63,-1],[-60,-25],[-70,-84],[-17,-44],[79,-39],[-13,-24],[-58,-18],[-10,-47],[-50,-32]],[[300,615],[44,63],[23,91],[-2,72]],[[184,386],[68,155],[4,44],[-9,27],[53,3]]],"transform":{"scale":[0.0014767152453201524,0.001380517729889918],"translate":[35.10523522200009,33.057156474000024]},"objects":{"LBN_clustered":{"type":"GeometryCollection","geometries":[{"arcs":[[0,1,2,3]],"type":"Polygon","properties":{"game_region_idx":0,"region_idx":0}},{"arcs":[[-1,-4,4,5]],"type":"Polygon","properties":{"game_region_idx":1,"region_idx":1}},{"arcs":[[6,-5,-3,7]],"type":"Polygon","properties":{"game_region_idx":2,"region_idx":2}}]}}}