{"type":"Topology","arcs":[[[224,1269],[-155,61],[-8,62],[-61,61],[22,11],[36,113],[31,43],[56,22],[51,65],[84,66],[64,33],[75,91],[64,36],[0,144]],[[483,2077],[29,-25],[56,14],[31,-29],[102,-31],[15,20],[52,-73],[90,21],[141,-59],[7,-38],[-84,-193],[11,-65],[-60,-50],[-30,-1],[-68,-45],[-9,45],[-42,9],[-89,-88],[-61,-15],[-9,-44],[-20,-24],[31,-32],[52,-10],[-30,-82],[15,-93],[-130,-92],[-12,-38]],[[471,1059],[-85,40],[-10,62],[-50,55],[-102,53]],[[483,2077],[49,57],[92,14],[46,190],[57,19],[50,-5],[10,-47],[63,30],[87,15],[19,32],[29,-72],[21,29],[4,-54],[100,-27],[-18,-89],[28,-12],[33,-84],[-9,-85],[46,-70],[2,-67],[-75,-141],[85,26],[56,-22],[16,-47],[56,-53]],[[1330,1614],[-46,-127],[44,-53],[0,-43],[-42,-103],[53,-13],[-33,-62],[3,-79],[-118,0],[-50,-17],[-6,-87],[-42,-51],[-43,6],[-26,-33],[-22,-113],[6,-105],[-30,-37]],[[978,697],[-172,155],[-3,23],[-102,83],[-77,41],[-1,20],[-152,40]],[[1330,1614],[81,33],[59,6],[-4,42],[76,91],[-6,32],[30,73],[67,-3],[11,-50],[58,-36],[32,-125],[47,-100],[11,-68],[-20,-33],[2,-70],[-20,-45],[-150,-149],[58,-31],[27,28],[35,-29],[-4,-54],[33,12],[103,-49],[62,15],[81,-17],[40,-49],[-12,-47],[26,-12],[11,-60],[46,-41],[21,22],[85,-46],[46,-7],[-2,-64],[37,-93],[-14,-31],[-17,-71],[28,-40],[-44,-25],[-12,-75],[-50,-48],[16,-80],[-31,-9],[-1,-45],[19,-53],[5,-169],[-16,-44],[-67,8],[-74,53],[-144,55],[-88,16],[-24,26],[-78,28],[-95,62],[-54,20],[-81,52],[-93,37],[-148,94],[-79,71],[-44,67],[-54,23],[-2,33],[-77,52]]],"transform":{"scale":[0.0017814834440574696,0.0017698501570109274],"translate":[-11.476185675999943,4.3472354190000715]},"objects":{"LBR_clustered":{"type":"GeometryCollection","geometries":[{"arcs":[[0,1,2]],"type":"Polygon","properties":{"game_region_idx":0,"region_idx":0}},{"arcs":[[3,4,5,-2]],"type":"Polygon","properties":{"game_region_idx":1,"region_idx":1}},{"arcs":[[-5,6]],"type":"Polygon","properties":{"game_region_idx":2,"region_idx":2}}]}}}