{"type":"Topology","arcs":[[[298,1044],[-70,-6],[-46,34],[-60,-26],[-61,1]],[[61,1047],[-1,58],[-17,55],[-43,58],[65,28],[45,64],[-18,57],[86,83],[73,32],[-3,88],[95,-40],[25,-2],[59,7],[96,-14],[89,-35],[50,-7],[33,-83],[30,-32],[42,-14],[138,-20],[90,-35],[68,-47],[63,-9],[46,25],[32,35],[11,46],[-24,57],[17,53],[56,44],[88,25],[28,17],[42,-2],[123,-30],[19,-50],[94,-24],[99,-4],[20,-35],[-33,-33],[15,-68],[-34,-73],[32,-111],[0,-124],[0,-120]],[[1757,867],[-211,-4],[-131,-1],[-308,0],[-1,-115]],[[1106,747],[-73,16],[-34,26],[-89,-37],[-53,13],[-74,78],[0,26],[-163,-36],[-45,-44],[-55,-15],[24,49],[-18,53],[49,5],[56,46],[98,17],[11,31],[-34,25],[-64,-8],[-7,30],[-48,36],[-12,56],[-48,40],[-37,-15],[-62,-79],[-47,-35],[-83,19]],[[1108,272],[0,132],[-1,229],[-1,114]],[[1757,867],[0,-279],[0,-268],[0,-262],[-112,-1],[0,-57],[-262,133],[-275,139]],[[1108,272],[-196,99],[-162,82],[-196,-95],[-84,65],[-170,38],[-56,93],[-83,26],[-37,-8],[-41,43],[-7,62],[-63,82],[9,28],[39,17],[9,39],[-21,51],[23,61],[-17,51],[6,41]]],"transform":{"scale":[0.008930622841868324,0.00871662519490448],"translate":[9.286543823000075,19.49612375900001]},"objects":{"LBY_clustered":{"type":"GeometryCollection","geometries":[{"arcs":[[0,1,2,3]],"type":"Polygon","properties":{"game_region_idx":2,"region_idx":2}},{"arcs":[[4,-3,5]],"type":"Polygon","properties":{"game_region_idx":0,"region_idx":0}},{"arcs":[[6,-1,-4,-5]],"type":"Polygon","properties":{"game_region_idx":1,"region_idx":1}}]}}}