{"type":"Topology","arcs":[[[175,403],[57,74],[60,4],[23,-41],[32,-116]],[[347,324],[-102,-2],[-36,-99],[0,-26]],[[209,197],[-36,17],[-17,-33],[-90,49],[-46,4]],[[20,234],[72,99],[83,70]],[[18,88],[-18,97],[20,49]],[[209,197],[-7,-43],[129,-15]],[[331,139],[-46,-74],[-41,-65],[-47,11],[-92,32],[-87,45]],[[334,234],[-3,-95]],[[347,324],[-13,-90]]],"transform":{"scale":[0.0005623911786743148,0.0007974752848232648],"translate":[-61.078114386999914,13.72211334800005]},"objects":{"LCA_clustered":{"type":"GeometryCollection","geometries":[{"arcs":[[0,1,2,3]],"type":"Polygon","properties":{"game_region_idx":0,"region_idx":0}},{"arcs":[[4,-3,5,6]],"type":"Polygon","properties":{"game_region_idx":1,"region_idx":1}},{"arcs":[[7,-6,-2,8]],"type":"Polygon","properties":{"game_region_idx":2,"region_idx":2}}]}}}