{"type":"Topology","arcs":[[[326,33],[-81,-33],[-81,10],[-164,26],[76,96],[26,109]],[[102,241],[45,4],[62,94],[44,-40]],[[253,299],[37,-124],[-24,-62],[44,-5],[16,-75]],[[402,182],[-26,-103]],[[376,79],[-22,41],[-18,64],[66,-2]],[[264,339],[124,-120]],[[388,219],[-135,80]],[[253,299],[11,40]],[[376,79],[-50,-46]],[[388,219],[14,-37]],[[220,385],[0,-27],[44,-19]],[[102,241],[-48,83],[-26,128]],[[28,452],[130,-7],[91,-13]],[[249,432],[-29,-47]],[[227,498],[22,-66]],[[28,452],[31,100],[70,106],[39,-36],[26,-52],[33,-72]]],"transform":{"scale":[0.0003411365276990973,0.0003197577401216712],"translate":[9.477023152696347,47.05240041200004]},"objects":{"LIE_clustered":{"type":"GeometryCollection","geometries":[{"arcs":[[[0,1,2]],[[3,4]],[[5,6,7]]],"type":"MultiPolygon","properties":{"game_region_idx":0,"region_idx":0}},{"arcs":[[[8,-3,-7,9,-5]],[[10,-8,-2,11,12,13]]],"type":"MultiPolygon","properties":{"game_region_idx":1,"region_idx":1}},{"arcs":[[14,-13,15]],"type":"Polygon","properties":{"game_region_idx":2,"region_idx":2}}]}}}