{"type":"Topology","arcs":[[[743,1640],[34,-5],[69,-68],[84,-108],[11,-56],[-22,-39],[92,5],[31,-122],[19,-68],[43,-68],[25,0],[9,-59],[74,-73],[-37,-11],[72,-63],[9,-82],[34,7],[33,-79],[6,-164],[-36,-137],[-33,-83],[-39,-53]],[[1221,314],[-63,37],[16,196],[-11,61],[-70,49],[29,36],[-55,127],[-114,-96],[-42,51],[1,100],[-94,-27],[-36,57],[-3,-69]],[[779,836],[-125,-27],[-31,19],[-23,-45],[-74,38],[-30,-36],[-57,-18],[-42,15],[-8,-32],[-88,-36],[-36,36],[-117,-27],[-69,1]],[[79,724],[-26,167],[11,38],[-64,235],[0,64],[29,33],[-8,-143],[62,-5],[-24,37],[20,34],[-2,70],[30,145],[24,18]],[[131,1417],[72,-24],[8,78],[115,4],[7,-32],[55,-40],[56,69],[59,-4],[75,65],[-33,43],[95,19],[8,17],[95,28]],[[1237,929],[0,36],[41,-69],[-41,33]],[[563,1889],[120,-98],[81,-135],[-21,-16]],[[131,1417],[23,90],[-21,106],[80,47],[37,98],[4,52],[-38,46],[87,43],[-68,66],[114,-49],[9,-28],[84,26],[114,-29],[-96,44],[-53,1],[-68,45],[-50,18],[7,-34],[-144,58],[-23,40],[48,29],[81,-2],[102,-74],[91,-55],[-117,95],[-67,32],[54,8],[111,-113],[131,-88]],[[121,1977],[-34,43],[81,-35],[-47,-8]],[[11,1687],[77,0],[26,-54],[-103,54]],[[92,557],[8,25],[-29,91],[8,51]],[[779,836],[18,-137],[-37,-20],[6,-61],[-33,-50],[-43,-17],[-16,-86],[29,-27],[-25,-25],[68,-4],[-60,-104],[6,-50],[49,-56],[14,-34],[-165,40],[-36,-63],[50,-37],[-20,-37],[42,-40]],[[626,28],[-84,-28],[-125,21],[-121,42],[-49,46],[-44,74],[-30,94],[-8,50],[-42,95],[-22,51],[-9,84]],[[1221,314],[-19,-26],[-193,-127],[-151,-56],[-143,-31],[-89,-46]]],"transform":{"scale":[0.001650505744920968,0.0018688244492823145],"translate":[79.69678795700008,5.923732815000051]},"objects":{"LKA_clustered":{"type":"GeometryCollection","geometries":[{"arcs":[[[0,1,2,3,4]],[[5]]],"type":"MultiPolygon","properties":{"game_region_idx":2,"region_idx":2}},{"arcs":[[[6,-5,7]],[[8]],[[9]]],"type":"MultiPolygon","properties":{"game_region_idx":0,"region_idx":0}},{"arcs":[[10,-3,11,12]],"type":"Polygon","properties":{"game_region_idx":3,"region_idx":3}},{"arcs":[[13,-12,-2]],"type":"Polygon","properties":{"game_region_idx":1,"region_idx":1}}]}}}