{"type":"Topology","arcs":[[[787,892],[8,39],[88,80],[20,116],[18,83]],[[921,1210],[77,-95],[115,-102],[52,-14],[63,-161],[-14,-50],[-53,-29],[-14,-39],[-4,-62],[-54,-26],[-24,-55],[19,-101],[-147,-99],[-111,-41],[-58,9],[-85,-36]],[[683,309],[-65,22],[19,88],[52,-19],[91,71],[-4,91],[-130,-75],[-50,118]],[[596,605],[-33,205],[43,35],[42,62],[-11,74],[38,-1],[39,-112],[103,-24],[-30,48]],[[596,605],[-64,-6],[23,-51],[30,0],[-16,-67],[-26,-1],[-70,39],[-138,11],[-20,79],[-47,41],[-49,-19],[-39,88],[-30,6]],[[150,725],[60,79],[18,67],[29,13],[8,40],[54,75],[57,116],[58,-5],[25,35],[54,3],[69,98],[32,1],[50,1],[43,51],[70,6],[47,25],[32,-75],[65,-45]],[[683,309],[-71,-60],[2,-76],[-43,-37],[4,-35],[-32,-101],[-105,33],[-64,4],[-73,70],[-33,62],[-37,49],[-47,4],[-12,62],[19,45],[-34,7],[-72,134],[-41,109],[-44,53],[6,26],[144,67]]],"transform":{"scale":[0.0019818837581432754,0.001569953324811986],"translate":[27.002154989000132,-30.658799335999916]},"objects":{"LSO_clustered":{"type":"GeometryCollection","geometries":[{"arcs":[[0,1,2,3]],"type":"Polygon","properties":{"game_region_idx":0,"region_idx":0}},{"arcs":[[-1,-4,4,5]],"type":"Polygon","properties":{"game_region_idx":1,"region_idx":1}},{"arcs":[[-5,-3,6]],"type":"Polygon","properties":{"game_region_idx":2,"region_idx":2}}]}}}