{"type":"Topology","arcs":[[[1890,1379],[82,-72],[38,-71],[118,-51],[0,-66],[-24,-34],[-32,-119],[36,-20],[85,-5],[-11,-38],[-60,-83],[-101,17],[-64,-117],[-87,-13],[-47,-53],[-27,-129],[11,-71],[-35,-32],[-13,-66],[-31,-50],[13,-29],[49,12],[35,-59],[-18,-57],[-74,-6],[-21,25],[25,37],[-31,44],[-38,-33],[-55,7],[-57,-84],[-83,9]],[[1473,172],[-30,53],[84,113],[1,38],[-97,-31],[-36,30],[-80,-7],[-6,69],[30,60],[-4,45],[53,20],[12,57],[54,49],[-94,65],[38,42],[-42,46],[-56,131],[10,51],[-77,52],[-59,-24],[-1,32],[-69,57]],[[1104,1120],[50,45],[8,84],[-31,54],[42,33],[-15,61],[37,108],[12,73]],[[1207,1578],[55,26],[60,-24],[72,67],[95,52],[34,-99],[47,-71],[208,-28],[17,-40],[95,-82]],[[1473,172],[-25,-35],[2,-82],[-42,15],[-112,-70],[-45,5],[-21,39],[-106,-3],[-104,-33],[-59,27],[4,55],[-24,98],[-36,38],[-179,115],[-35,-28],[-32,64],[17,180],[40,37],[-9,76],[-66,43],[-23,71]],[[618,784],[27,-5],[134,32],[155,-17],[17,100],[-88,8],[-26,24],[-55,-11],[-31,49],[-22,-28],[-24,61],[-59,60],[61,23],[22,-19],[58,23],[35,39],[79,-4],[49,-33],[28,19],[39,-48],[87,63]],[[391,1662],[48,23],[45,-18],[137,-2],[38,-25],[78,39],[48,-56],[36,-9],[66,41],[73,-28],[84,16],[57,-13],[106,-52]],[[618,784],[-113,3],[-91,-16],[-104,55],[-55,43],[-38,2],[-80,73],[-25,143],[-31,112],[-25,38],[-11,86],[3,132],[52,8],[51,93],[101,56],[33,1],[106,49]],[[24,923],[-24,6],[59,143],[1,150],[18,-44],[-10,-156],[-44,-99]]],"transform":{"scale":[0.0026648702647674815,0.0015019926898175756],"translate":[20.924568700365,53.88684112599999]},"objects":{"LTU_clustered":{"type":"GeometryCollection","geometries":[{"arcs":[[0,1,2,3]],"type":"Polygon","properties":{"game_region_idx":0,"region_idx":0}},{"arcs":[[4,5,-2]],"type":"Polygon","properties":{"game_region_idx":2,"region_idx":2}},{"arcs":[[[6,-3,-6,7]],[[8]]],"type":"MultiPolygon","properties":{"game_region_idx":1,"region_idx":1}}]}}}