{"type":"Topology","arcs":[[[363,317],[-31,-45]],[[332,272],[-127,26],[-30,-74],[-87,-18]],[[88,206],[-73,64],[-15,73],[61,74],[37,93],[79,61],[75,-42],[-13,-56],[41,-83],[83,-73]],[[363,317],[128,-42],[-5,-73],[-46,-24],[-42,-81],[-4,-86],[-59,26]],[[335,37],[-6,57],[36,20],[-8,67],[-70,13],[63,62],[-18,16]],[[335,37],[-72,5],[-45,-36],[-64,-6],[-21,32],[-86,43],[60,82],[-19,49]]],"transform":{"scale":[0.001599127725050997,0.0012848516795097033],"translate":[5.714927205000038,49.44132436200003]},"objects":{"LUX_clustered":{"type":"GeometryCollection","geometries":[{"arcs":[[0,1,2]],"type":"Polygon","properties":{"game_region_idx":0,"region_idx":0}},{"arcs":[[3,4,-1]],"type":"Polygon","properties":{"game_region_idx":1,"region_idx":1}},{"arcs":[[-2,-5,5]],"type":"Polygon","properties":{"game_region_idx":2,"region_idx":2}}]}}}