{"type":"Topology","arcs":[[[1961,2041],[51,-64],[39,14],[-10,57],[75,-57],[86,-82],[49,8],[42,-56],[100,-9],[10,-61],[156,-166]],[[2559,1625],[-19,-69],[-17,-144],[-7,-42],[-96,-14],[-22,-38],[74,-66],[-25,-56],[-92,17],[-17,-114],[28,-50],[-81,-13],[-5,-53],[-35,-50],[-89,37],[-118,-66],[10,-34],[8,-90],[-74,24],[-42,-6],[-48,-29],[31,-71],[-68,-45]],[[1855,653],[-92,-56],[-50,-57],[-60,-43],[-76,30],[-85,-29],[-60,44],[-53,17],[-78,19],[-90,-22],[-66,22]],[[1145,578],[40,45],[-23,73],[34,143],[-33,40],[52,48],[-19,45],[10,67],[-7,34],[-7,2],[48,39]],[[1240,1114],[56,-13],[110,34],[88,70],[104,95],[33,50],[2,77],[-5,44],[-17,244],[-28,50],[3,106],[132,67],[71,39],[45,-9],[127,73]],[[2559,1625],[70,-55],[141,48],[37,47],[90,-61],[122,-34],[99,11],[-8,-84],[88,-63],[69,-56],[-8,-113],[-58,-34],[21,-75],[-48,-162],[67,25],[63,-56],[-25,-54],[55,-47],[8,-71],[64,-58],[-19,-30],[36,-63],[22,-125],[-22,-102],[-56,-18],[-66,-34],[-72,-107],[-55,-45],[-25,-110],[-115,32],[-42,-38],[-72,42],[-63,-9],[-74,-102],[-163,-24],[-95,55],[-25,46],[-23,45],[-183,163],[-69,89],[-143,13],[-131,33],[-96,209]],[[898,614],[-85,-40],[-80,39],[-141,-5],[-58,24],[-53,-25],[-117,-56],[-119,-49],[-75,-35],[-66,-120],[-65,-10],[-39,160],[16,159],[15,24],[13,17],[-5,15],[-15,88],[12,36],[9,162],[125,109],[40,85],[4,184],[43,77],[52,81],[72,96],[87,6],[114,55],[186,87],[1,-80],[32,-68],[161,-149],[18,-15],[61,-64],[43,-175],[43,-48],[80,-23],[33,-42]],[[1145,578],[-98,3],[-74,-29],[-29,66],[-46,-4]]],"transform":{"scale":[0.0021026864699564673,0.0011703273652343832],"translate":[20.971039259000065,55.67830800500007]},"objects":{"LVA_clustered":{"type":"GeometryCollection","geometries":[{"arcs":[[0,1,2,3,4]],"type":"Polygon","properties":{"game_region_idx":1,"region_idx":1}},{"arcs":[[-2,5]],"type":"Polygon","properties":{"game_region_idx":2,"region_idx":2}},{"arcs":[[6,-4,7]],"type":"Polygon","properties":{"game_region_idx":0,"region_idx":0}}]}}}