{"type":"Topology","arcs":[[[90,143],[41,-6],[-36,-47],[68,-24],[-104,-66],[-33,138],[64,5]],[[31,277],[46,-14],[-6,-54],[-71,-39],[31,107]]],"transform":{"scale":[0.0003754473435587255,0.0004032286498195948],"translate":[113.52475019600001,22.10537344000005]},"objects":{"MAC_clustered":{"type":"GeometryCollection","geometries":[{"arcs":[[[0]],[[1]]],"type":"MultiPolygon","properties":{"game_region_idx":0,"region_idx":0}}]}}}