{"type":"Topology","arcs":[[[835,951],[-66,-1],[-21,90],[43,87],[47,124],[38,47],[45,26],[-40,87]],[[881,1411],[50,24],[73,91],[80,48],[30,35],[97,141],[28,60],[7,58],[-46,58],[10,57]],[[1210,1983],[131,-22],[171,19],[35,40],[107,64],[35,-15],[156,79],[42,37],[39,-12],[-27,-49],[47,-6],[41,-41],[-25,-122],[24,-68],[75,-56]],[[2061,1831],[-68,-52],[-61,-95],[-37,19],[-99,-8],[-74,-27],[-61,13],[-34,-26],[-45,2],[-129,-101],[-50,-50],[0,-209],[-23,0],[4,-112],[-104,-7],[-54,-47],[-87,0],[-51,27],[-62,4],[-79,-26],[9,-52],[-64,-110],[-57,-23]],[[835,951],[-43,-184],[-20,-58],[-87,-69],[-61,-108],[-78,-39],[-42,-79],[-25,-135],[-9,-94],[-69,-93],[-6,-55],[-29,-31],[-153,9],[-165,-5],[-48,-10],[8,75],[44,103],[31,8],[28,56],[11,66],[88,199],[100,132],[27,20],[30,68],[9,110],[44,99],[18,70],[133,89],[76,207],[34,48],[153,36],[47,25]],[[1812,2823],[58,166],[85,26],[26,-71],[80,-71],[47,-13],[97,18],[16,-12],[25,17],[44,-19],[75,24],[14,-35],[78,1],[109,-85],[-17,-30],[33,-102],[-11,-87],[22,-35],[-11,-58],[30,-37],[13,-66],[63,-47],[-29,-26],[-5,-65],[-213,11],[-71,-18],[18,-52],[-56,-13]],[[2332,2144],[-11,87],[-72,-2],[-58,99],[-47,7],[-36,48],[-38,9],[-46,102],[16,25],[-37,32],[5,30],[-56,92],[-8,-24],[-70,-10],[27,-68],[-19,-96],[-87,29],[-11,-47],[-66,9],[4,56],[-33,13],[-23,46]],[[1666,2581],[67,72],[79,170]],[[2332,2144],[-84,-18],[-2,-54],[-25,-14],[45,-76],[-15,-51],[-123,-42],[-67,-58]],[[1210,1983],[-4,92],[66,113],[32,59],[1,72],[66,64],[57,80],[88,41],[21,9],[91,46],[38,22]]],"transform":{"scale":[0.005939821772467747,0.00481079030030403],"translate":[-17.013743325393165,21.419971097583428]},"objects":{"MAR_clustered":{"type":"GeometryCollection","geometries":[{"arcs":[[0,1,2,3]],"type":"Polygon","properties":{"game_region_idx":0,"region_idx":0}},{"arcs":[[4,-1]],"type":"Polygon","properties":{"game_region_idx":1,"region_idx":1}},{"arcs":[[5,6,7]],"type":"Polygon","properties":{"game_region_idx":3,"region_idx":3}},{"arcs":[[8,-3,9,-7]],"type":"Polygon","properties":{"game_region_idx":2,"region_idx":2}}]}}}