{"type":"Topology","arcs":[[[232,1879],[-131,97],[-101,0],[33,51],[57,-26],[31,70],[54,-30],[45,33],[122,-13],[48,40],[42,-13],[45,39],[134,-14],[72,-52],[63,-37],[95,-48],[11,-33],[91,13],[66,-116],[5,30]],[[1014,1870],[23,-15],[-41,-64],[6,-76],[-27,-30],[57,-64],[-69,-48],[4,-55],[-50,-33],[-80,-7],[-11,-68],[40,-27],[-75,-65],[3,-54],[-49,-10],[-17,-69],[37,-87]],[[765,1098],[-125,91],[-45,98],[-72,59],[-14,72],[-48,16],[-24,61],[-85,97],[9,25],[-37,45],[-22,90],[-64,82],[-6,45]],[[801,1030],[-36,68]],[[1014,1870],[40,33],[121,-31],[18,-61],[56,-59],[101,24],[61,-74],[-32,-57],[3,-125],[-25,-91],[120,-93],[6,-34],[100,14],[-3,-116],[-37,-30],[65,-51],[-22,-60],[104,-73],[94,-34],[12,-47],[-28,-134],[96,-92],[2,-34],[-126,-23],[-72,91],[-62,-76],[-63,44],[-13,41],[-51,-48],[-23,37],[-64,-78],[-10,127]],[[1382,760],[-59,70],[-55,118],[-103,-6],[-24,20],[-62,-56],[-20,-53],[-22,34],[-78,4],[-6,-66],[-76,1]],[[877,826],[-67,144],[-9,60]],[[1382,760],[-68,-27],[-74,-67],[8,-103],[27,-26],[-15,-156],[-107,-28],[-11,-88],[-94,-72],[-48,-54],[16,-65],[-12,-46],[-114,14],[-38,-42],[-31,70],[-43,23],[57,28],[-44,260],[13,71],[-1,94],[64,114],[10,166]]],"transform":{"scale":[0.00185597595873532,0.001415416751763044],"translate":[26.617889038000015,45.46177398700006]},"objects":{"MDA_clustered":{"type":"GeometryCollection","geometries":[{"arcs":[[0,1,2]],"type":"Polygon","properties":{"game_region_idx":0,"region_idx":0}},{"arcs":[[3,-2,4,5,6]],"type":"Polygon","properties":{"game_region_idx":1,"region_idx":1}},{"arcs":[[-6,7]],"type":"Polygon","properties":{"game_region_idx":2,"region_idx":2}}]}}}