{"type":"Topology","arcs":[[[6192,97],[-92,-93],[-16,63],[108,30]],[[6624,514],[-153,-158],[-6,94],[97,120],[62,-56]],[[6705,851],[-25,-169],[-76,62],[8,146],[100,60],[-7,-99]],[[4909,750],[169,-159],[86,-221],[-91,0],[-196,335],[-45,170],[167,63],[-74,-73],[-16,-115]],[[8972,3639],[96,-84],[18,-105],[-112,97],[-2,92]],[[4884,8314],[107,-77],[-66,-29],[-41,106]],[[6251,8423],[102,-20],[-79,-51],[-23,71]],[[8299,8837],[-114,-48],[17,54],[97,-6]],[[9916,9774],[-59,-66],[-24,66],[83,0]],[[2873,38687],[-202,-94],[100,96],[102,-2]],[[34,40287],[58,-75],[-92,-8],[34,83]],[[9852,43728],[2,-94],[-73,68],[71,26]],[[3218,46787],[-12,-148],[-107,9],[-46,77],[165,62]],[[8129,22597],[130,-23],[-92,-51],[-38,74]],[[8553,22736],[23,-98],[-94,-8],[71,106]],[[9184,22923],[132,-4],[-83,-54],[-49,58]],[[9971,23069],[-227,-137],[98,97],[129,40]],[[10393,23889],[-51,-193],[-96,-173],[147,366]],[[10568,25510],[215,-3],[-285,-136],[70,139]],[[2846,27498],[11,-104],[-54,32],[43,72]],[[8000,28501],[144,-235],[9,-123],[-54,-120],[-104,403],[5,75]],[[2201,30849],[14,-97],[-81,49],[67,48]],[[4004,31283],[119,32],[-51,-63],[-68,31]],[[10310,45002],[80,-57],[-42,-224],[-135,-264],[-139,-110],[-189,-84],[-289,19],[-670,187],[10,49],[963,-34],[102,44],[153,364],[156,110]],[[3486,50964],[-118,-136],[38,126],[80,10]],[[10881,54503],[-130,-65],[-155,10],[285,55]],[[11314,55744],[86,-143],[-51,-154],[-57,249],[22,48]],[[2912,60774],[-17,-110],[-53,58],[70,52]],[[6645,63247],[26,-73],[-91,4],[65,69]],[[6107,64049],[48,-84],[-82,31],[34,53]],[[8464,58660],[-146,-211],[22,69],[124,142]],[[8337,59184],[27,-74],[-93,4],[66,70]],[[9151,59602],[-198,-92],[116,97],[82,-5]],[[8428,60786],[66,-114],[-130,63],[64,51]],[[5011,67544],[-67,-92],[-45,58],[112,34]],[[5655,68244],[85,-56],[-165,-285],[-97,-125],[-158,-95],[52,147],[199,247],[84,167]],[[5922,68646],[188,-22],[-163,-64],[-25,86]],[[6312,69451],[-12,-128],[-110,-179],[-35,74],[47,171],[110,62]],[[6125,69933],[-46,-184],[-43,93],[89,91]],[[3491,70448],[21,-125],[-50,46],[29,79]],[[2686,71042],[-12,-87],[-63,72],[75,15]]],"transform":{"scale":[0.00008307376535259945,0.00010943537056550756],"translate":[72.68970787900008,-0.6818173159999219]},"objects":{"MDV_clustered":{"type":"GeometryCollection","geometries":[{"arcs":[[[0]],[[1]],[[2]],[[3]],[[4]],[[5]],[[6]],[[7]],[[8]]],"type":"MultiPolygon","properties":{"game_region_idx":0,"region_idx":0}},{"arcs":[[[9]],[[10]],[[11]],[[12]],[[13]],[[14]],[[15]],[[16]],[[17]],[[18]],[[19]],[[20]],[[21]],[[22]],[[23]]],"type":"MultiPolygon","properties":{"game_region_idx":1,"region_idx":1}},{"arcs":[[[24]],[[25]],[[26]],[[27]],[[28]],[[29]],[[30]],[[31]],[[32]],[[33]],[[34]],[[35]],[[36]],[[37]],[[38]],[[39]],[[40]]],"type":"MultiPolygon","properties":{"game_region_idx":2,"region_idx":2}}]}}}