{"type":"Topology","arcs":[[[5825,3067],[37,43],[52,312],[106,175],[-17,-91],[-76,-95],[-41,-274],[-61,-70]],[[4700,6833],[97,0],[-52,-36],[-45,36]],[[2193,16493],[-69,-69],[-23,34],[92,35]],[[9124,3700],[-91,-6],[-19,40],[110,-34]],[[8264,6338],[-177,-105],[-82,12],[-196,177],[229,-169],[226,85]]],"transform":{"scale":[0.000739539521481806,0.00040012665761671255],"translate":[165.2822371750001,4.5737979190000715]},"objects":{"MHL_clustered":{"type":"GeometryCollection","geometries":[{"arcs":[[[0]],[[1]],[[2]]],"type":"MultiPolygon","properties":{"game_region_idx":0,"region_idx":0}},{"arcs":[[[3]],[[4]]],"type":"MultiPolygon","properties":{"game_region_idx":1,"region_idx":1}}]}}}