{"type":"Topology","arcs":[[[236,323],[-86,26],[-13,77],[-60,89],[-19,58],[-20,99],[37,35],[32,84],[-54,47],[-11,46],[-41,58],[-1,58],[86,27],[16,27],[-30,107],[-9,103],[56,94],[-9,88],[29,17],[58,-33],[38,27],[32,-36],[37,22],[42,72],[0,43],[-11,44],[27,134],[51,40],[105,34],[154,62],[65,52],[114,-79],[33,-53],[19,-11],[62,3],[-7,73],[66,95],[86,0],[-11,35],[58,-2],[102,12],[129,-18]],[[1388,1979],[9,-102],[-55,-49],[-36,-99],[33,-28],[59,-38],[1,-42],[49,-37],[59,6],[34,-29],[-10,-44],[12,-62],[39,-47],[-34,-43],[8,-98],[40,-35],[-4,-39],[-95,-118],[32,-55],[-15,-90],[31,-18],[-7,-45],[-43,-21],[51,-18],[17,-232],[58,-3],[-19,-75],[24,-106],[42,-44]],[[1668,368],[-33,-60],[-73,-102],[-53,-42],[-7,-44],[-46,-20],[-59,12],[-116,-88],[-86,50],[-85,11],[-96,-51],[-111,-14],[-71,10],[-80,-24],[-165,-6],[-29,82],[-116,24],[-79,-43],[-72,61],[-43,176],[-12,23]],[[2815,963],[9,-137],[-12,-111],[-27,-20],[-136,2],[-38,-21],[-23,-51],[-17,-173],[-25,-37],[-54,53],[-79,-76],[-186,-13],[-47,24],[-83,-4],[-4,24],[-100,22]],[[1993,445],[1,39],[53,8],[-13,61],[58,28],[-22,71],[73,30],[-12,73],[-7,67],[2,72],[-36,20],[-45,78],[71,79],[-36,88],[23,26],[65,-15],[36,63],[-116,-6],[-125,98],[-52,5],[-21,80],[28,33],[87,-15],[-40,50],[76,92],[81,75],[9,36],[11,98],[80,7],[101,70]],[[2323,1856],[135,-99],[111,-53],[62,1],[71,-41],[43,-204],[22,-16],[43,-119],[58,-23],[21,-63],[-27,-56],[-50,-57],[3,-163]],[[1993,445],[-60,-13],[-64,-43],[-63,43],[-138,-64]],[[1388,1979],[48,38],[110,63],[76,6],[64,34],[117,-44],[105,24],[107,42],[30,29],[53,-71],[43,-9],[111,-141],[42,-30],[29,-64]]],"transform":{"scale":[0.0008879975091727349,0.0007000002399815772],"translate":[20.44415734900008,40.849394023000045]},"objects":{"MKD_clustered":{"type":"GeometryCollection","geometries":[{"arcs":[[0,1,2]],"type":"Polygon","properties":{"game_region_idx":2,"region_idx":2}},{"arcs":[[3,4,5]],"type":"Polygon","properties":{"game_region_idx":0,"region_idx":0}},{"arcs":[[6,-2,7,-5]],"type":"Polygon","properties":{"game_region_idx":1,"region_idx":1}}]}}}