{"type":"Topology","arcs":[[[601,450],[-54,19],[2,-31],[-59,-35],[-18,-30],[-101,40],[-45,-21],[-37,-46],[-37,63],[-27,0],[-26,-38],[-23,0],[-35,36],[22,39],[-15,33],[15,79],[-27,36],[-15,51],[-50,18],[-40,51],[25,42],[-13,69],[-35,29],[10,47],[-18,31],[36,-9],[46,34],[-4,57],[22,73],[59,12],[92,-101],[33,65],[79,3],[88,-13],[129,25],[302,0],[223,0],[150,2]],[[1255,1080],[28,9],[39,12],[86,-6],[131,50],[25,-68],[38,0],[28,22],[2,27],[104,25],[28,-28],[32,-71],[28,-13],[56,21],[86,5],[55,-22],[32,-29],[83,-25]],[[2136,989],[-51,-49],[-57,-21],[-64,-44],[-51,-3],[-10,-57],[-24,-9],[-58,25],[-70,-48],[-16,-49],[6,-30],[-32,-10],[-37,23],[3,-86],[-37,-6],[-2,-20],[-97,47],[3,19],[-72,-76],[26,-60],[-47,-21],[15,-38],[-32,-77],[-46,-31],[-67,-11],[-22,-22],[12,-84],[-19,-58],[-34,-16],[14,-43],[-17,-85],[-53,-3],[-39,-45],[-42,20],[10,39],[-11,49],[-30,-6],[-2,-28],[-46,20],[-6,-63],[-51,-2],[3,-30],[-72,13],[-22,37],[-37,1],[-31,-46],[-25,10],[-62,56],[-2,94],[-37,11],[-32,-20],[12,37],[45,47],[-31,18],[-32,37],[-25,4],[9,52],[-24,30],[-19,69]],[[2280,2367],[-42,-141],[-204,-177],[-135,-74],[201,-173],[14,-22],[-9,-217],[-143,-75],[18,-98],[166,-17],[4,-183],[36,-197]],[[2186,993],[-50,-4]],[[1255,1080],[29,164],[-50,43],[-25,247],[-38,381],[-28,264],[-20,183],[-29,270],[-40,374],[329,0],[255,-180],[172,-123],[290,-207],[180,-129]],[[2280,2367],[212,-151],[4,-75],[24,0],[64,-43],[1,-22],[45,-37],[54,10],[41,-45],[101,-24],[51,-30],[6,-87],[-28,-43],[39,-35],[171,33],[0,-237],[1,-199],[-10,-37],[0,-80],[-23,-24],[-35,-119],[-64,-44],[-3,-29],[-81,15],[-14,-18],[-310,-11],[-66,-60],[-57,-10],[-83,11],[0,-17],[-85,32],[-35,-13],[-14,15]]],"transform":{"scale":[0.005381529049902159,0.00492666705156355],"translate":[-12.2641304119999,10.185503439000058]},"objects":{"MLI_clustered":{"type":"GeometryCollection","geometries":[{"arcs":[[0,1,2]],"type":"Polygon","properties":{"game_region_idx":2,"region_idx":2}},{"arcs":[[3,4,-2,5]],"type":"Polygon","properties":{"game_region_idx":0,"region_idx":0}},{"arcs":[[-4,6]],"type":"Polygon","properties":{"game_region_idx":1,"region_idx":1}}]}}}