{"type":"Topology","arcs":[[[1549,627],[105,-51],[37,-70],[22,-41],[22,-203],[-18,-77],[-63,40],[-35,-45],[-58,-100],[0,-80],[-136,53],[-199,45],[-113,40],[-180,110]],[[933,248],[43,135],[81,23]],[[1057,406],[84,-39],[48,42],[81,-11],[30,-15],[47,76],[59,-59],[33,109],[35,37],[11,23],[-42,40],[26,23],[30,13]],[[1499,645],[50,-18]],[[1483,800],[16,-155]],[[1057,406],[-17,101],[-8,31],[3,46],[7,40],[100,-15],[-1,69],[-42,94],[-21,115],[78,159]],[[1156,1046],[121,-104],[62,-62],[104,-43],[40,-37]],[[1009,1080],[147,-34]],[[933,248],[-35,23],[-75,139],[-101,105],[0,126],[-8,165],[-38,241],[-48,67],[116,101],[135,32],[0,-48],[-127,-85],[257,-34]],[[51,1479],[-45,33],[14,70],[-20,126],[133,35],[94,17],[104,18],[70,-30],[78,-42],[142,-118],[63,-77],[-56,-47],[-99,-14],[-120,-58],[-62,-16],[-123,19],[-106,43],[-67,41]]],"transform":{"scale":[0.0002202964228748683,0.00015431573228347225],"translate":[14.183604363000086,35.801214911000045]},"objects":{"MLT_clustered":{"type":"GeometryCollection","geometries":[{"arcs":[[0,1,2,3]],"type":"Polygon","properties":{"game_region_idx":2,"region_idx":2}},{"arcs":[[4,-3,5,6]],"type":"Polygon","properties":{"game_region_idx":0,"region_idx":0}},{"arcs":[[[7,-6,-2,8]],[[9]]],"type":"MultiPolygon","properties":{"game_region_idx":1,"region_idx":1}}]}}}