{"type":"Topology","arcs":[[[120,432],[-116,18],[-4,59],[38,28],[20,20],[-1,50],[-40,53],[-8,162],[103,19],[-10,75]],[[102,916],[64,-21],[63,-101],[71,-16],[127,-53]],[[427,725],[1,-72],[50,-59],[81,-1],[70,43],[31,-51],[16,-22]],[[676,563],[-39,-73],[-94,-114],[-74,-127],[48,-66],[-13,-104],[10,-79],[-108,62],[-16,59],[-51,86],[-43,31],[-55,77],[-46,-10],[-53,59],[-19,21],[-8,23],[23,42],[-18,-18]],[[937,807],[115,-48],[5,-57],[-75,-26],[-15,-35],[-70,15],[-11,-40],[37,-39],[-15,-67],[-142,-68],[-38,20],[-3,68],[-49,33]],[[427,725],[11,37],[80,17],[-23,40],[44,40],[27,3],[49,122]],[[615,984],[39,-36],[53,-2],[38,-50],[81,12],[71,-67],[40,-34]],[[102,916],[32,90],[122,74],[50,-58],[18,18],[26,9],[-33,73],[-58,58],[53,41],[21,-27],[87,16],[13,-68],[76,-32],[106,-126]]],"transform":{"scale":[0.001805106180700017,0.0013886349459459157],"translate":[18.43735477700011,41.85236237200007]},"objects":{"MNE_clustered":{"type":"GeometryCollection","geometries":[{"arcs":[[0,1,2,3]],"type":"Polygon","properties":{"game_region_idx":0,"region_idx":0}},{"arcs":[[4,-3,5,6]],"type":"Polygon","properties":{"game_region_idx":2,"region_idx":2}},{"arcs":[[-6,-2,7]],"type":"Polygon","properties":{"game_region_idx":1,"region_idx":1}}]}}}