{"type":"Topology","arcs":[[[3421,1804],[85,12],[44,22],[24,54],[51,45],[100,59],[66,-9],[86,-79],[54,-2],[65,30],[66,-44],[-124,-297],[1,-59],[-41,-35],[6,-44],[41,-52],[55,36],[86,2],[71,-51],[54,75],[62,12],[50,-14],[32,-48],[45,-22],[27,-57],[59,-59],[29,-103],[-32,-27],[-51,4],[-70,34],[-14,-19],[-67,9],[-77,-47],[-42,14],[-13,-51],[-70,8],[-31,-20],[-52,-89],[-6,-46],[-75,-61],[-98,-16],[-57,2],[-68,-102],[-59,-45],[-74,11],[-69,27],[-25,33],[-64,8],[-35,-28],[-48,-143],[63,-93],[13,-56],[-47,-40],[-94,-54],[-74,-119],[-130,-74],[-96,-12],[-105,10]],[[2848,194],[0,146],[-11,145],[-42,136],[4,49],[-60,-3],[-119,-58],[-57,-11],[-37,25],[-38,89],[-182,32],[-14,81],[-46,1],[-22,76],[21,46],[41,6],[15,82],[36,14],[26,59],[-24,21],[-28,79],[13,43],[-25,59],[-66,-11],[-70,106],[-48,50],[-30,74],[-55,53],[-15,76],[-24,-6],[-43,50],[3,44],[156,115],[-91,49],[39,91],[29,22]],[[2084,2024],[147,-61],[75,9],[21,23],[138,47],[92,-18],[37,-25],[58,9],[80,-76],[101,-15],[-1,-62],[89,-78],[83,5],[143,-42],[27,18],[51,-24],[85,52],[111,18]],[[451,1171],[-76,143],[-18,80],[-42,51],[-41,-13],[-30,48],[-70,-9],[-65,50],[-2,30],[-88,59],[-19,47],[1,84],[47,24],[4,40],[98,-2],[114,62],[-8,45],[52,23],[8,19],[135,78],[57,9],[47,51],[57,1],[20,35],[49,-38],[44,23],[7,-35],[173,-13],[15,-73],[39,-54],[42,7],[78,-35],[55,28],[71,-30],[84,0],[16,-18]],[[1305,1888],[-30,-94],[33,-34],[60,-11],[51,-38],[88,-12],[31,34],[44,5],[14,-69],[-19,-50],[11,-69],[-86,-54],[-37,-4],[-5,-93],[29,-7],[-33,-94],[-40,-11],[-33,-135],[10,-67],[94,-110],[14,-88],[-32,-107],[-10,-110],[-30,-24],[-5,-192],[-19,-74],[8,-121]],[[1413,259],[-93,15],[-118,-11],[-8,44],[-54,65],[-56,176],[-26,6],[7,65],[-48,-8],[-156,97],[-57,64],[-63,12],[-84,-2],[-114,14],[-75,32],[-37,-2],[-31,70],[9,60],[41,62],[-15,64],[16,89]],[[1305,1888],[31,-19],[113,78],[26,105],[-38,28],[-30,83],[34,107],[40,58],[53,29],[25,65],[61,-45],[96,-46],[71,-1],[123,-64],[112,-29],[-5,-52],[26,-127],[41,-34]],[[2848,194],[-181,-35],[-126,-68],[-120,-91],[-73,16],[0,47],[-109,-26],[-91,57],[-147,41],[-55,76],[-59,4],[-169,33],[-56,-18],[-21,-7],[-228,36]]],"transform":{"scale":[0.007109257841417514,0.0043486400532617734],"translate":[87.80588545800003,41.596144308000035]},"objects":{"MNG_clustered":{"type":"GeometryCollection","geometries":[{"arcs":[[0,1,2]],"type":"Polygon","properties":{"game_region_idx":2,"region_idx":2}},{"arcs":[[3,4,5]],"type":"Polygon","properties":{"game_region_idx":0,"region_idx":0}},{"arcs":[[-5,6,-2,7]],"type":"Polygon","properties":{"game_region_idx":1,"region_idx":1}}]}}}