{"type":"Topology","arcs":[[[392,81],[100,24],[3,-47],[-97,-58],[-114,14],[108,67]],[[988,1098],[28,-102],[-83,-62],[-38,102],[93,62]],[[1178,1321],[-4,-113],[-43,-83],[-91,8],[17,115],[121,73]],[[1156,4642],[87,-54],[-157,-85],[70,139]],[[1008,5269],[-15,96],[51,-2],[22,-80],[-58,-14]]],"transform":{"scale":[0.0007401815327029421,0.0008756826327227988],"translate":[144.91570071700005,14.110663153000075]},"objects":{"MNP_clustered":{"type":"GeometryCollection","geometries":[{"arcs":[[[0]],[[1]]],"type":"MultiPolygon","properties":{"game_region_idx":0,"region_idx":0}},{"arcs":[[2]],"type":"Polygon","properties":{"game_region_idx":1,"region_idx":1}},{"arcs":[[[3]],[[4]]],"type":"MultiPolygon","properties":{"game_region_idx":2,"region_idx":2}}]}}}