{"type":"Topology","arcs":[[[1554,1520],[-629,-439],[-234,-27],[-96,37]],[[595,1091],[-9,145],[-11,41],[22,42],[58,41],[39,8],[48,19],[2,130],[0,276],[267,0],[219,0],[4,3],[0,203],[203,-130],[170,-108],[194,-127],[-260,0],[13,-114]],[[409,1051],[18,-30],[3,-4],[-10,-269],[0,-69],[144,0],[84,-70],[48,54],[98,67],[33,-18],[4,32],[57,49],[448,2],[-171,-389],[81,11],[46,-52],[-89,-101],[3,-11],[-29,-42],[15,-32],[1,-51],[-6,-7]],[[1187,121],[-51,0],[2,31],[-17,-21],[4,-19],[-61,-11],[-43,1],[-26,10],[-41,-2],[-22,0],[-26,-51],[-19,26],[-37,29],[-17,24],[-43,-10],[-21,-57],[4,-45],[-37,-26],[-46,18],[-13,24],[-40,21],[-32,60],[-19,-2],[-21,21],[-12,47],[-25,37],[-34,1],[-14,-6],[-22,17],[-8,20],[-48,45],[-86,1],[-3,4],[-21,-11],[-85,-19],[-56,2],[-12,10],[-28,-13],[-8,-36],[-13,-12],[-11,-58],[1,73],[11,60],[42,99],[19,64],[2,35],[-4,80],[-22,97],[-46,64],[29,9],[-21,1],[34,53],[-9,20],[14,47],[-14,18],[-19,50],[-15,15],[-2,-28],[-18,17],[-37,78],[-24,-45],[18,73],[102,0],[185,0],[104,0]],[[409,1051],[188,0],[-2,40]],[[1554,1520],[19,-184],[23,-207],[15,-144],[22,-207],[16,-153],[15,-146],[19,-193],[40,-35],[-23,-130],[-245,0],[-268,0]]],"transform":{"scale":[0.006807085934480842,0.00627864774637319],"translate":[-17.0811748859999,14.734398906000107]},"objects":{"MRT_clustered":{"type":"GeometryCollection","geometries":[{"arcs":[[0,1]],"type":"Polygon","properties":{"game_region_idx":0,"region_idx":0}},{"arcs":[[2,3]],"type":"Polygon","properties":{"game_region_idx":2,"region_idx":2}},{"arcs":[[4,-1,5,-3]],"type":"Polygon","properties":{"game_region_idx":1,"region_idx":1}}]}}}