{"type":"Topology","arcs":[[[1139,582],[94,7],[71,-115]],[[1304,474],[-110,-67],[-25,-33]],[[1169,374],[-67,-19],[-65,12],[-16,3],[-6,23],[-2,7]],[[1013,400],[33,44],[41,110],[52,28]],[[944,22],[-104,75],[59,4],[14,188],[100,111]],[[1169,374],[58,-42],[-35,-34],[42,-85],[-74,-17],[-58,-67],[-64,-23],[-103,-34],[9,-50]],[[1194,28],[-138,-28],[-112,22]],[[1304,474],[67,-143],[-19,-92],[-71,-93],[16,-42],[-103,-76]],[[7498,944],[-7,-50],[-111,-50],[-34,55],[152,45]]],"transform":{"scale":[0.0009271895248066105,0.0008891025693838395],"translate":[56.524180535000085,-20.51734791499996]},"objects":{"MUS_clustered":{"type":"GeometryCollection","geometries":[{"arcs":[[0,1,2,3]],"type":"Polygon","properties":{"game_region_idx":0,"region_idx":0}},{"arcs":[[4,-3,5]],"type":"Polygon","properties":{"game_region_idx":2,"region_idx":2}},{"arcs":[[[6,-6,-2,7]],[[8]]],"type":"MultiPolygon","properties":{"game_region_idx":1,"region_idx":1}}]}}}