{"type":"Topology","arcs":[[[469,3211],[40,12],[85,-57],[17,71],[32,31],[43,-22],[89,-76],[94,-102],[49,-151],[-2,-102],[19,-19],[26,-72],[-27,-91],[1,-66],[45,-36],[22,-57],[61,-16],[37,-85],[-150,1],[-21,-9],[-21,-102],[-89,-117],[-11,-43]],[[808,2103],[-157,0],[-90,27],[-39,-35],[83,-102],[82,-15],[-23,-28],[-83,-30],[-23,-32],[-66,-2],[-59,28],[-1,112],[-29,5]],[[403,2031],[-62,15],[-63,85],[28,103],[-4,124],[-44,19],[9,63],[77,108],[-48,81],[-28,33],[42,34],[87,21],[83,83],[-55,72],[-13,74],[-103,64],[23,78],[-14,32],[-58,42],[-20,53],[-45,-26],[-51,26],[8,43],[-34,40],[34,7],[87,-51],[61,8],[50,-48],[119,-3]],[[970,2191],[19,-47],[-37,5],[18,42]],[[907,2200],[38,-17],[-22,-23],[-16,40]],[[808,2103],[66,-206],[27,-201],[-2,-71],[18,-34],[28,-38],[107,-10]],[[1052,1543],[-62,-240],[6,-96],[-115,-55],[-61,8]],[[820,1160],[-18,11],[-128,-29],[-13,-17],[-78,3],[-55,-18],[-26,17],[-23,-47],[-26,17],[-86,77],[-39,64],[-37,73],[-61,53],[-74,-49],[-11,45],[-56,59],[-47,13],[22,33],[-64,30],[1,26],[65,17],[45,76],[43,68],[-14,32],[19,95],[-28,22],[5,50],[44,59],[55,-14],[44,38],[57,5],[67,62]],[[1052,1543],[106,-80],[178,-185],[33,-54],[109,-119],[49,-54],[5,-89],[20,-4],[-55,-111],[-1,-28],[24,-106],[-20,-202],[-13,-54],[-34,-21],[-156,-14],[-36,-29],[-30,-81],[-50,-59],[70,-70],[15,-64],[-8,-119],[-102,2],[-21,38],[37,32],[-9,61],[-43,1],[-57,49],[-74,73],[-37,17],[-63,81],[-38,3],[-29,46],[1,64],[-74,62],[7,41],[45,28],[37,66],[-4,40],[76,90],[-5,30],[13,92],[-38,121],[-2,54],[-58,69]]],"transform":{"scale":[0.002080675630154638,0.0023412941891074023],"translate":[32.67509037200011,-17.129340921999884]},"objects":{"MWI_clustered":{"type":"GeometryCollection","geometries":[{"arcs":[[[0,1,2]],[[3]],[[4]]],"type":"MultiPolygon","properties":{"game_region_idx":0,"region_idx":0}},{"arcs":[[-2,5,6,7]],"type":"Polygon","properties":{"game_region_idx":1,"region_idx":1}},{"arcs":[[8,-7]],"type":"Polygon","properties":{"game_region_idx":2,"region_idx":2}}]}}}