{"type":"Topology","arcs":[[[696,1039],[208,-1],[23,-151],[25,-5],[45,-66],[37,-1],[-12,70],[29,-19],[24,37],[13,-18],[131,-28],[37,-17],[18,55],[79,-4],[108,27],[50,5],[37,-23],[98,-9],[35,18],[24,-35],[28,9],[69,-19],[46,13]],[[1848,877],[0,-409],[0,-327],[-93,-29],[-29,-47],[-33,-2],[0,-40],[-46,-23],[-29,24],[-47,7],[-129,-16],[-57,32],[-114,20],[-16,65],[16,23],[-13,37],[-34,5],[-21,47],[-46,-14],[-29,-53],[-13,-55],[-64,-30],[-164,173],[-37,83],[-50,82],[-14,93],[-34,71],[20,25],[-9,38],[-37,32],[3,72],[-30,78],[7,49],[-16,82],[6,69]],[[868,2204],[-48,20],[-59,-73],[-88,-62],[-116,11],[-68,-20],[-62,-40]],[[427,2040],[-54,97],[-52,174],[-100,195],[-31,81],[-63,107],[-57,50],[-21,72],[-20,23],[-29,157],[8,73],[62,31],[47,-20],[70,-3],[75,54],[62,21],[73,-19],[6,-26],[95,-75],[61,5],[300,0],[289,0],[257,0],[101,0],[69,-94],[58,-20],[34,6],[56,-15],[56,4],[81,-14],[67,11],[51,-34],[54,-13],[40,18],[52,9],[37,-22],[190,41],[278,61],[167,38],[93,-3],[72,-16],[67,-63],[-69,1],[-50,-28],[-50,-43],[-18,27],[-54,-19],[-132,-118],[-20,63],[-43,60],[-73,-3],[-337,-73],[-108,-5],[-4,0],[0,-224],[1,-309]],[[2071,2260],[-42,-9],[-293,37],[-145,-60],[-57,-90],[-16,-58],[-29,-1],[-2,-58],[-24,-16],[-4,-79],[-28,-22],[-87,-36],[-28,1],[-34,-36],[0,-30],[-69,-39],[-10,11],[-82,-39],[-64,-7],[-11,47],[16,13],[2,59],[-18,50],[10,56],[21,26],[-4,64],[-22,3],[-38,45],[-12,-13],[-81,52],[-25,37],[-26,2],[-1,34]],[[696,1039],[-11,52],[-40,63],[2,31],[-31,75],[9,70],[-6,90],[1,63],[-18,89],[28,31],[-6,80],[-27,71],[-56,87],[-41,42],[-27,86],[-46,71]],[[2071,2260],[1,-262],[-3,-171],[-222,0],[1,-490],[0,-460]]],"transform":{"scale":[0.004472311569022471,0.003809743322652268],"translate":[11.717621290000068,-28.959368183999885]},"objects":{"NAM_clustered":{"type":"GeometryCollection","geometries":[{"arcs":[[0,1]],"type":"Polygon","properties":{"game_region_idx":0,"region_idx":0}},{"arcs":[[2,3,4]],"type":"Polygon","properties":{"game_region_idx":1,"region_idx":1}},{"arcs":[[-1,5,-3,-5,6]],"type":"Polygon","properties":{"game_region_idx":2,"region_idx":2}}]}}}