{"type":"Topology","arcs":[[[840,881],[-74,48],[-8,-32],[-81,113],[-16,68],[-52,12],[-36,81],[-81,38],[-91,90],[-46,123],[-55,34],[-20,64],[7,63],[-104,51],[37,25],[-38,98],[35,-18],[113,-119],[42,34],[106,-44],[50,-62],[85,-56],[60,-74],[138,-103],[91,-21],[65,-111],[50,-14],[-3,-72],[122,-103],[5,-42],[93,-32],[32,-59],[42,17],[87,-55],[16,-45]],[[1411,778],[-32,-52],[-93,4],[-57,45],[-62,5],[-104,74],[-66,-1],[-9,37],[-60,30],[-88,-39]],[[2257,69],[-8,-69],[-53,17],[19,73],[42,-21]],[[1411,778],[169,-91],[119,-147],[121,-95],[56,-13],[50,-52],[-6,-36],[47,-43],[-9,-60],[-57,-54],[-25,50],[-18,-39],[-53,-5],[-24,48],[-121,55],[-41,-50],[-3,92],[-48,-19],[-77,33],[-60,84],[4,54],[-37,31],[-34,-41],[-52,53],[-88,51],[-23,62],[-28,-29],[-102,57],[-24,49],[-30,-12],[-72,32],[-69,63],[-36,75]],[[2619,841],[-6,-129],[-54,-25],[-101,37],[16,43],[-48,107],[56,-6],[49,38],[12,-79],[76,14]],[[2204,1116],[-5,-82],[-54,-11],[-37,49],[-72,13],[-73,109],[66,15],[30,69],[-83,14],[9,35],[90,30],[57,-40],[-14,-116],[59,-27],[27,-58]],[[1737,1525],[-34,-85],[30,-32],[-32,-60],[-48,-19],[38,60],[0,54],[46,82]]],"transform":{"scale":[0.0017009053928980454,0.0014727772979899302],"translate":[163.68279056100005,-22.670668226999908]},"objects":{"NCL_clustered":{"type":"GeometryCollection","geometries":[{"arcs":[[0,1]],"type":"Polygon","properties":{"game_region_idx":0,"region_idx":0}},{"arcs":[[[2]],[[3,-2]]],"type":"MultiPolygon","properties":{"game_region_idx":1,"region_idx":1}},{"arcs":[[[4]],[[5]],[[6]]],"type":"MultiPolygon","properties":{"game_region_idx":2,"region_idx":2}}]}}}