{"type":"Topology","arcs":[[[594,691],[30,99],[20,20],[0,67],[8,32],[-1,283]],[[651,1192],[101,-5],[-20,-45],[-3,-67],[22,-3],[10,-25],[56,-60],[86,-55],[50,-46],[35,-87],[44,-26],[10,-133]],[[1042,640],[-23,-86],[-10,-88],[8,-64],[-30,-20],[-8,-44]],[[979,338],[-26,-2],[-90,38],[-45,-21],[-104,-5],[-79,-43],[-6,-82],[-26,-42],[-45,-38],[-8,-143],[-120,121],[-29,-19],[-48,-12],[15,-36],[-19,-12],[-43,63],[28,20],[-22,48],[-21,3],[-24,-20],[-46,7],[-67,60],[-23,12],[2,52],[29,-9],[-35,46],[-52,16],[-45,77],[8,21],[-38,51],[11,77],[72,-9],[48,8],[57,50],[267,10],[11,15],[70,-12],[3,24],[55,39]],[[1892,996],[38,27],[122,58],[410,1]],[[2462,1082],[-18,-193],[-173,-194],[-86,-125],[-11,-51],[-50,-58],[25,-116],[-39,1],[-21,-28],[-32,-2],[-75,-51],[-14,-30],[-66,9],[-33,22],[-66,20],[-127,1],[-77,-17],[-37,-21],[-46,-56],[-60,-2],[-94,20],[-23,24],[-46,25],[-27,17],[-52,3],[-58,-37],[-31,1],[-17,-19],[-29,0],[-38,54],[-62,59]],[[1042,640],[72,2],[32,-18],[19,45],[64,-10],[84,9],[95,48],[56,22],[261,177],[47,14],[66,46],[54,21]],[[651,1192],[0,85],[243,50],[14,8],[123,114],[140,125],[184,117],[174,110],[217,138],[141,89],[242,-58],[19,-10],[101,-86],[119,65],[31,-172],[1,-84],[20,-18],[49,-77],[-10,-26],[65,-73],[-35,-81],[-27,-326]]],"transform":{"scale":[0.006260321325673515,0.005829180555226871],"translate":[0.15294112100011148,11.69577301000001]},"objects":{"NER_clustered":{"type":"GeometryCollection","geometries":[{"arcs":[[0,1,2,3]],"type":"Polygon","properties":{"game_region_idx":1,"region_idx":1}},{"arcs":[[4,5,-3,6]],"type":"Polygon","properties":{"game_region_idx":0,"region_idx":0}},{"arcs":[[-5,-7,-2,7]],"type":"Polygon","properties":{"game_region_idx":2,"region_idx":2}}]}}}