{"type":"Topology","arcs":[[[1273,110],[-190,78],[-19,17],[110,232],[140,113],[86,-2],[15,28],[-58,29],[-33,80],[-5,63],[-31,52],[3,39],[-56,85],[-51,69],[-46,-64],[-21,57],[43,39],[79,-4],[55,43],[42,4],[2,57],[-27,37],[23,33]],[[1334,1195],[207,28],[67,1],[20,-38],[53,29],[85,-19],[-11,-33],[88,-56],[50,1]],[[1893,1108],[10,-62],[-15,-155],[22,-86],[-57,-12],[-9,91],[34,12],[8,99],[-46,-5],[26,-74],[-82,-41],[16,-88],[53,-7],[-31,-101],[3,-61],[-41,16],[4,-46],[-35,-36],[43,-32],[19,22],[22,-114],[-50,-26],[-15,-55],[-34,-33],[14,-111],[55,-95],[25,-65],[-124,-43],[-40,33],[-78,-3],[-7,38],[-68,64],[-28,-19],[-119,56],[-95,-59]],[[1334,1195],[-60,80],[-42,-40],[-56,-3],[-33,-53],[-33,-17],[-88,54],[-33,53],[46,57],[-2,59],[20,38],[96,42],[48,-18],[86,143],[11,127],[-69,32],[9,50],[-24,60]],[[1210,1859],[9,66],[45,37],[62,-6],[32,-63],[79,-6],[20,-20],[55,46],[44,-18],[2,39],[36,-22],[144,31],[22,23],[94,22],[103,76],[96,-22],[-49,-76],[-9,40],[-49,-39],[35,-46],[18,19],[49,-184],[-12,-66],[-98,-140],[-28,-105],[-35,-216],[18,-121]],[[1273,110],[-21,-3],[-264,101],[-41,27],[-48,-61],[-38,15],[-65,95],[-108,83],[-5,17],[-74,43],[-76,75],[-77,112],[-58,104],[-94,59],[-54,56],[-103,77],[-54,80],[-84,41],[-9,53],[38,35],[68,-64],[56,28],[127,-1],[53,56],[4,69],[43,25],[39,-11],[14,21],[-29,155],[-1,52],[103,17],[60,-15],[44,13],[14,33],[86,95],[124,-94],[37,-12],[8,68],[91,41],[44,39],[50,71],[75,28],[-22,32],[31,82],[53,12]]],"transform":{"scale":[0.002185414314897405,0.002089590619670565],"translate":[-87.6670222649999,10.718054911000053]},"objects":{"NIC_clustered":{"type":"GeometryCollection","geometries":[{"arcs":[[0,1,2]],"type":"Polygon","properties":{"game_region_idx":1,"region_idx":1}},{"arcs":[[-2,3,4]],"type":"Polygon","properties":{"game_region_idx":0,"region_idx":0}},{"arcs":[[-4,-1,5]],"type":"Polygon","properties":{"game_region_idx":2,"region_idx":2}}]}}}