{"type":"Topology","arcs":[[[1371,1265],[-17,-80],[-51,-93],[-69,-25],[-55,7],[-18,-40],[-54,-23],[-26,-58],[76,-100],[-44,-111],[8,-29],[-88,-50],[31,-22],[-64,-36]],[[1000,605],[-104,-8],[-133,103],[-63,-26],[-161,103],[-24,37],[-33,-16],[-45,96],[-54,23],[-61,29],[-133,102],[-16,-47],[-54,21],[-44,50],[-75,47],[36,123],[39,13],[17,77],[-25,49],[65,84],[-6,69],[41,22],[36,63],[31,11],[87,108],[47,-10],[29,-72],[42,-11],[28,31],[41,76],[4,60],[36,-19],[41,37],[71,-25],[118,-13],[25,-67],[-4,-50],[95,-30],[55,-36],[112,-119],[53,2],[39,-38],[32,20],[62,-63],[72,-132],[52,-14]],[[1371,1265],[87,55],[82,-16],[50,-100],[-3,-50],[49,-24],[37,-57],[59,-16],[27,-43],[91,-31],[52,47],[43,-25],[-35,-67],[2,-46],[67,-30],[66,14],[68,-21],[31,38],[24,-59],[35,-20],[50,-124],[28,2]],[[2281,692],[-23,-67],[-71,-108],[4,-28],[-51,-37],[-68,13],[-24,-21],[29,-55],[-38,-90],[-23,-116]],[[2016,183],[-61,0],[-13,41],[-54,-2],[-36,49],[-107,33],[6,79],[-30,57],[-109,21],[-80,60],[-59,-27],[-26,-47],[-100,50],[-87,3],[-21,-59],[-66,51],[-144,22],[-29,91]],[[2315,112],[-51,24],[-72,-38],[-41,37],[-9,72],[-34,19],[-92,-43]],[[2281,692],[22,17],[-17,68],[33,36],[18,-70],[89,-41],[30,27],[10,55],[45,6],[29,-38],[92,-32],[66,-56],[81,-10],[117,4],[56,42],[128,-28],[-20,-92],[-33,-66],[4,-77],[-24,-99],[40,-50],[35,-112],[-36,-131],[-37,-39],[-40,42],[-84,-22],[-24,-15],[-76,18],[-22,-29],[-92,35],[-16,67],[-41,-27],[-84,-47],[-162,89],[-53,-5]]],"transform":{"scale":[0.0026387676460090884,0.002219093308743164],"translate":[80.0363855390001,26.35332794200006]},"objects":{"NPL_clustered":{"type":"GeometryCollection","geometries":[{"arcs":[[0,1]],"type":"Polygon","properties":{"game_region_idx":0,"region_idx":0}},{"arcs":[[-1,2,3,4]],"type":"Polygon","properties":{"game_region_idx":1,"region_idx":1}},{"arcs":[[5,-4,6]],"type":"Polygon","properties":{"game_region_idx":2,"region_idx":2}}]}}}