{"type":"Topology","arcs":[[[156,358],[49,18],[108,-46],[12,-82]],[[325,248],[-119,44],[-6,-39],[-5,-37],[-3,-22],[-4,-31]],[[188,163],[-102,28],[-65,52]],[[21,243],[20,73],[30,11],[46,17],[39,14]],[[0,165],[21,78]],[[188,163],[-4,-28],[-66,-28],[47,-100]],[[165,7],[-105,19],[-28,65],[-32,74]],[[298,113],[-93,-113],[-40,7]],[[325,248],[-27,-135]]],"transform":{"scale":[0.00015509027708853515,0.0001634097260638884],"translate":[166.90699303490052,-0.5518531229999439]},"objects":{"NRU_clustered":{"type":"GeometryCollection","geometries":[{"arcs":[[0,1,2,3]],"type":"Polygon","properties":{"game_region_idx":0,"region_idx":0}},{"arcs":[[4,-3,5,6]],"type":"Polygon","properties":{"game_region_idx":2,"region_idx":2}},{"arcs":[[7,-6,-2,8]],"type":"Polygon","properties":{"game_region_idx":1,"region_idx":1}}]}}}