{"type":"Topology","arcs":[[[900,1957],[7,77],[-23,10],[22,41],[28,-6],[11,36],[27,-33],[-34,-13],[24,-54],[-30,-35],[-5,-30],[-27,7]],[[884,1756],[66,53],[49,-104],[71,-83],[45,-35],[83,-27],[81,-24],[48,-1],[32,-18],[45,6],[64,-32],[64,-99],[38,-36],[48,-59]],[[1618,1297],[-12,-11],[-8,-78],[-73,-37],[-209,-71],[45,-133],[-424,199],[-156,-32]],[[781,1134],[6,34],[-95,148],[1,63],[54,121],[21,47],[-18,42],[75,10],[42,16],[-14,30],[-39,2],[12,24],[-11,47],[13,19],[-7,46],[32,26],[31,-53]],[[726,967],[266,-419],[187,-48]],[[1179,500],[-52,-8],[-63,-21],[-55,-47],[-21,-97],[-47,-46],[-33,4],[-116,-13],[-45,-12],[-47,-70],[16,-22],[-10,-41],[-49,-47],[-50,-13],[-44,19],[-122,-12],[-9,-16],[-49,-9],[-37,-26],[-53,-3],[-53,-20],[-63,136],[-15,7],[-162,368],[356,119],[291,98],[79,239]],[[726,967],[55,167]],[[1618,1297],[69,-18],[9,-19],[-11,-54],[-32,-59],[-32,-37],[-35,-69],[-36,-16],[-54,-48],[-51,-68],[-35,-90],[-22,-12],[-46,10],[11,44],[-32,-7],[-30,-53],[-31,-29],[6,-19],[-33,-77],[12,-106],[19,-55],[-28,-15],[-57,0]],[[1494,865],[10,-23],[-65,-76],[-2,40],[57,59]]],"transform":{"scale":[0.004637947797759402,0.004606889344680831],"translate":[51.97861495000012,16.642401434000078]},"objects":{"OMN_clustered":{"type":"GeometryCollection","geometries":[{"arcs":[[[0]],[[1,2,3]]],"type":"MultiPolygon","properties":{"game_region_idx":2,"region_idx":2}},{"arcs":[[4,5]],"type":"Polygon","properties":{"game_region_idx":0,"region_idx":0}},{"arcs":[[[6,-3,7,-5]],[[8]]],"type":"MultiPolygon","properties":{"game_region_idx":1,"region_idx":1}}]}}}