{"type":"Topology","arcs":[[[16681,13511],[32,-67],[-145,-111],[-35,174],[148,4]],[[16772,14654],[-85,132],[163,-91],[-78,-41]],[[9158,18318],[-86,79],[108,61],[-22,-140]]],"transform":{"scale":[0.00010796279982196076,0.00007749152356701785],"translate":[114.02963300900001,9.687648830000057]},"objects":{"PGA_clustered":{"type":"GeometryCollection","geometries":[{"arcs":[[[0]],[[1]],[[2]]],"type":"MultiPolygon","properties":{"game_region_idx":0,"region_idx":0}}]}}}