{"type":"Topology","arcs":[[[6045,6449],[26,-31],[-98,-111],[72,142]],[[7,110],[74,-23],[-81,-22],[7,45]],[[5829,6150],[-39,78],[65,-15],[-26,-63]],[[6416,6795],[0,-48],[-137,-62],[-20,21],[157,89]],[[6461,7071],[99,47],[-20,26]],[[6540,7144],[101,-66],[-29,-66],[55,-17]],[[6667,6995],[-5,-86],[-131,-9],[-25,68],[-45,103]],[[6540,7144],[-32,18],[68,83],[43,53],[104,19],[23,92],[-19,78],[67,-75],[-3,-150],[-63,-95],[5,-65],[-66,-107]]],"transform":{"scale":[0.0005183219284867508,0.000635255552945064],"translate":[131.13843834700003,2.9777285830000437]},"objects":{"PLW_clustered":{"type":"GeometryCollection","geometries":[{"arcs":[[[0]],[[1]],[[2]]],"type":"MultiPolygon","properties":{"game_region_idx":0,"region_idx":0}},{"arcs":[[[3]],[[4,5,6]]],"type":"MultiPolygon","properties":{"game_region_idx":2,"region_idx":2}},{"arcs":[[7,-6]],"type":"Polygon","properties":{"game_region_idx":1,"region_idx":1}}]}}}