{"type":"Topology","arcs":[[[1233,211],[-46,-32],[-18,-43],[-49,-5],[-43,109],[-32,9],[-18,78],[-107,31],[-18,21],[-42,-26],[-58,72],[4,36],[-63,4],[-36,42],[-54,15],[10,-51],[-66,-72],[-85,105],[-34,20],[45,34],[-12,49],[-57,1],[-149,58],[-21,-6],[-19,64],[-71,15],[5,-50],[-40,-1],[49,144],[-17,61]],[[191,893],[69,10],[36,36],[49,-15],[77,110],[55,-43],[43,36],[56,-14],[15,-40],[62,-36],[93,31],[49,-23],[-8,-62],[45,-10],[-1,-74],[47,-32],[54,27]],[[932,794],[117,-54],[59,16],[46,-26],[57,1],[36,-49],[56,-14],[26,69],[39,-22],[-13,54],[106,83],[74,-66],[82,21],[34,-46],[56,-14],[74,16]],[[1781,763],[7,-85],[-1,-35],[-57,-81],[-70,-43],[-18,-66],[3,-110],[27,-32],[-27,-28],[46,-34],[20,-108]],[[1711,141],[-59,13],[-52,-19],[-21,-40],[-59,40],[-88,-5],[-41,-32],[-19,-49],[-70,12],[5,71],[-33,4],[-41,75]],[[1781,763],[-10,37],[18,75],[-11,105],[33,59],[-24,67],[34,17],[141,22],[24,28],[46,-13],[43,73],[-38,30],[-72,6],[-46,81],[-8,73],[-47,32],[-46,-6],[-30,72],[-36,16],[-39,133]],[[1713,1670],[96,21],[140,104],[19,57],[-64,97],[74,36],[33,45]],[[2011,2030],[38,-7],[106,-78],[37,-212],[70,-174],[7,-155],[-13,-28],[-110,-61],[-50,-85],[107,-76],[9,-35],[-32,-146],[37,-77],[-15,-25],[56,-77],[8,-49],[51,-64],[-37,-5],[32,-108],[-30,-52],[-74,-29],[-129,-141],[-107,-162],[19,-62],[8,-122],[-85,18],[-87,45],[-45,63],[-71,15]],[[1713,1670],[-98,-45],[-91,-19],[-108,-68],[-114,-1],[-23,-62],[-44,-12],[9,-74],[-46,-140],[-60,-22]],[[1138,1227],[-63,5],[-96,74],[-45,-13],[-80,55],[-68,22],[4,70],[-47,45],[25,94],[-33,51],[23,36],[-70,20],[-34,38],[-42,-48],[-50,0],[39,-58],[-10,-45],[-51,-24],[-41,-50],[-56,5],[-26,37],[-44,-44],[-87,-13],[-26,-41],[-73,-2],[-75,-93]],[[112,1348],[-112,97],[5,41],[46,34],[15,85],[-34,145],[7,36],[51,-32],[27,70],[-61,25],[96,45],[314,97],[46,26],[38,66],[66,17],[128,65],[127,29],[100,5],[59,-109],[4,-45],[95,-33],[176,34],[271,-14],[409,-21],[26,19]],[[191,893],[-50,45],[-3,61],[-31,48],[41,104],[-15,67],[-37,64],[16,66]],[[1138,1227],[-45,-98],[-30,-4],[-13,-85],[-47,-2],[-22,-58],[1,-66],[-68,-49],[18,-71]]],"transform":{"scale":[0.004318918605092819,0.0026346596375625276],"translate":[14.12392297300002,49.044707743000046]},"objects":{"POL_clustered":{"type":"GeometryCollection","geometries":[{"arcs":[[0,1,2,3,4]],"type":"Polygon","properties":{"game_region_idx":2,"region_idx":2}},{"arcs":[[-4,5,6,7]],"type":"Polygon","properties":{"game_region_idx":4,"region_idx":4}},{"arcs":[[-7,8,9,10]],"type":"Polygon","properties":{"game_region_idx":1,"region_idx":1}},{"arcs":[[11,-10,12,-2]],"type":"Polygon","properties":{"game_region_idx":3,"region_idx":3}},{"arcs":[[-6,-3,-13,-9]],"type":"Polygon","properties":{"game_region_idx":0,"region_idx":0}}]}}}