{"type":"Topology","arcs":[[[1020,188],[-88,-21],[35,63],[73,-3],[-20,-39]],[[906,353],[15,-49],[-60,-48],[-37,-156],[-149,-100],[-54,45],[-36,-23],[-21,43],[-50,-29],[-71,21],[-64,-35],[-76,0],[-42,45],[25,210],[-47,166],[44,52],[-4,65],[28,37],[79,-38],[108,12],[71,-22],[85,7],[61,-61],[-6,53],[111,-36],[45,-56],[44,9],[1,-112]]],"transform":{"scale":[0.002459033451335899,0.0009967371574539105],"translate":[-67.85586503799993,17.927720445000087]},"objects":{"PRI_clustered":{"type":"GeometryCollection","geometries":[{"arcs":[[[0]],[[1]]],"type":"MultiPolygon","properties":{"game_region_idx":0,"region_idx":0}}]}}}