{"type":"Topology","arcs":[[[1162,2166],[14,-45],[-102,-39],[-8,-46],[-40,-8],[-4,-38],[-68,-105],[-13,-161],[-32,-117],[-59,-27],[-113,-6],[-75,-31],[-8,-83]],[[654,1460],[-76,27],[-40,55],[3,23],[-66,50],[-68,27],[-40,48],[-49,22],[-35,54],[-39,25],[-28,59],[-48,66],[-40,92],[-29,7],[-93,67],[-6,24],[132,460],[-1,192],[124,202],[57,161],[326,75],[291,67],[322,4],[321,-211],[11,-58],[-5,-83],[27,-77],[33,-23],[3,-102],[43,-18],[-29,-22],[29,-22],[-20,-22],[34,-19],[-12,-33],[-1,-115],[-27,-48],[-3,-68],[16,-25],[-22,-64],[11,-21],[-17,-70]],[[1643,2166],[3,-69],[24,-9],[17,-56],[-121,56],[-25,32],[-258,16],[-54,-2],[-67,32]],[[1643,2166],[46,-24],[66,15],[14,-28],[81,-15],[60,10],[130,-40],[45,29],[18,-17],[54,66],[31,7],[37,-53],[42,-28],[114,-15],[40,-29],[6,-57],[39,-36],[-10,-75],[8,-72],[36,-90],[0,-119]],[[2500,1595],[-16,-41],[-49,-26],[-66,-54],[-53,-4],[21,-60],[-54,-63],[-2,-40],[90,-152],[53,-53],[-70,-23],[-34,-51],[-58,45],[-12,27],[-87,-92],[-69,41],[-103,-18],[-26,-29],[-55,19],[-85,-49],[-24,2],[-21,-50],[-31,-22]],[[1749,902],[-77,84],[-32,1],[-85,53],[-31,-21],[-56,56],[-118,29],[-68,53],[-119,61],[-42,51],[-202,139],[-103,-5],[-162,57]],[[2500,1595],[31,-80],[17,-95],[69,-17],[91,20],[107,64],[76,-43],[62,-54],[-31,-38],[25,-71],[-25,-78],[-9,-81],[-36,-120],[11,-37],[-63,-119],[9,-83],[-21,-17],[20,-49],[-7,-53],[-19,-13],[-1,-102],[-15,-80],[-29,-35],[-1,-45],[-39,-6],[-25,-51],[-53,-30],[-5,-35],[-50,8],[-53,-25],[-10,-40],[-48,-27],[2,-64],[-57,-45],[-56,46],[-74,11],[-55,-36],[-31,-75],[-33,11],[-29,38],[-33,1],[-46,-21],[-47,35],[-97,-27],[-46,23],[-79,8],[-57,29],[-114,29],[-172,-7],[-32,-15],[-18,63],[50,38],[18,52],[46,17],[-4,30],[33,20],[27,192],[29,57],[76,46],[-12,16],[30,47],[23,70],[46,22],[24,61],[-15,23],[-26,44]]],"transform":{"scale":[0.0028462811920081277,0.002538693711049897],"translate":[-62.650357218999936,-27.580640970999966]},"objects":{"PRY_clustered":{"type":"GeometryCollection","geometries":[{"arcs":[[0,1,2]],"type":"Polygon","properties":{"game_region_idx":0,"region_idx":0}},{"arcs":[[-1,-3,3,4,5]],"type":"Polygon","properties":{"game_region_idx":1,"region_idx":1}},{"arcs":[[-5,6]],"type":"Polygon","properties":{"game_region_idx":2,"region_idx":2}}]}}}