{"type":"Topology","arcs":[[[125,146],[33,-17],[-84,-58],[-7,-41],[-46,-30],[-21,40],[125,106]],[[450,521],[81,-19],[6,-31],[69,-12],[5,-57],[-22,-71],[16,-114],[-35,-49],[-10,-58],[-130,-51],[-106,-7],[-27,20],[47,92],[78,42],[40,-11],[12,46],[-103,13],[-34,128],[48,108],[65,31]]],"transform":{"scale":[0.0022459358652929815,0.0025535865738963636],"translate":[34.200269441306034,31.211448958000076]},"objects":{"PSX_clustered":{"type":"GeometryCollection","geometries":[{"arcs":[[0]],"type":"Polygon","properties":{"game_region_idx":0,"region_idx":0}},{"arcs":[[1]],"type":"Polygon","properties":{"game_region_idx":1,"region_idx":1}}]}}}