{"type":"Topology","arcs":[[[30784,7906],[121,60],[-66,-97],[-55,37]],[[21863,10456],[29,21],[78,-104],[-42,-26],[-65,109]],[[21852,17237],[-168,-137],[-85,26],[89,161],[206,118],[37,-77],[-79,-91]],[[12842,20160],[44,14],[32,-109],[-84,27],[8,68]],[[14940,20520],[-120,243],[105,-163],[15,-80]],[[15026,22952],[187,180],[2,-34],[-189,-146]],[[7957,7486],[30,-66],[-101,48],[71,18]],[[4950,9121],[49,-59],[-32,-101],[-17,160]],[[16162,106],[-46,-106],[-56,95],[48,60],[54,-49]],[[8428,17323],[54,-124],[-65,-117],[-135,42],[-106,210],[-169,-60],[-217,49],[-86,228],[60,131],[134,48],[142,-6],[119,-67],[42,-101],[0,-151],[37,-49],[190,-33]],[[7460,17789],[-13,-103],[-90,-76],[-119,95],[222,84]],[[4805,19059],[76,-17],[124,-194],[-167,-77],[-47,81],[14,207]],[[5519,19111],[30,-56],[-63,-45],[33,101]],[[4838,19250],[-8,-79],[-113,56],[-2,82],[100,25],[23,-84]],[[24977,30093],[98,-25],[26,-123],[-103,-54],[9,120],[-30,82]],[[24371,31014],[55,-40],[-131,-162],[-21,131],[97,71]],[[24759,31291],[-51,-88],[-137,-32],[-156,6],[-11,-83],[-150,67],[-20,95],[186,104],[106,4],[37,-60],[149,-38],[47,25]],[[22802,32021],[77,-36],[-55,-161],[-77,-3],[-74,116],[129,84]],[[23690,32789],[9,-49],[-165,-47],[-28,76],[53,66],[131,-46]],[[22845,32896],[48,-128],[-58,31],[-180,-89],[-91,4],[-32,245],[250,-26],[97,22],[-34,-59]],[[21830,34308],[-56,42],[87,72],[54,-17],[-85,-97]]],"transform":{"scale":[0.0006335609187833676,0.0005720161933066064],"translate":[-154.52318274599992,-27.640069268999923]},"objects":{"PYF_clustered":{"type":"GeometryCollection","geometries":[{"arcs":[[[0]],[[1]],[[2]],[[3]],[[4]],[[5]],[[6]],[[7]],[[8]]],"type":"MultiPolygon","properties":{"game_region_idx":0,"region_idx":0}},{"arcs":[[[9]],[[10]],[[11]],[[12]],[[13]]],"type":"MultiPolygon","properties":{"game_region_idx":1,"region_idx":1}},{"arcs":[[[14]],[[15]],[[16]],[[17]],[[18]],[[19]],[[20]]],"type":"MultiPolygon","properties":{"game_region_idx":2,"region_idx":2}}]}}}