{"type":"Topology","arcs":[[[123,539],[164,-19],[46,-74],[11,-81],[87,-11],[61,-64]],[[492,290],[-31,-17]],[[461,273],[-20,-10]],[[441,263],[-80,-66],[-69,0],[0,-163]],[[292,34],[-46,-30],[-105,-4],[-106,80],[27,64],[-47,90],[-15,180],[60,-12],[6,82],[26,-53],[2,115],[29,-7]],[[534,299],[-15,-127],[-54,-44],[-35,-78],[-138,-16]],[[441,263],[20,10]],[[492,290],[42,9]],[[475,364],[59,-65]],[[123,539],[14,22],[8,70],[166,80],[59,-25],[43,-68],[100,-32],[9,-60],[-35,-55],[-39,-45],[27,-62]]],"transform":{"scale":[0.0016106880561797727,0.0022396276947961166],"translate":[50.750987175000034,24.567726339000004]},"objects":{"QAT_clustered":{"type":"GeometryCollection","geometries":[{"arcs":[[0,1,2,3,4]],"type":"Polygon","properties":{"game_region_idx":0,"region_idx":0}},{"arcs":[[5,-4,6,-2,7]],"type":"Polygon","properties":{"game_region_idx":1,"region_idx":1}},{"arcs":[[8,-8,-1,9]],"type":"Polygon","properties":{"game_region_idx":2,"region_idx":2}}]}}}