{"type":"Topology","arcs":[[[897,2161],[-42,54],[-43,-7],[-73,115]],[[739,2323],[36,71],[74,42],[41,-18],[70,40],[66,79],[40,15],[37,63],[44,-7],[49,-51],[48,-11],[30,19],[83,-11],[37,-31],[39,16],[97,-38],[76,32],[51,-7],[38,-51],[108,-81]],[[1803,2394],[31,-49],[-25,-30],[51,-65],[-33,-55],[28,-88],[-3,-74],[52,-16],[77,34],[68,-51],[34,6],[75,-85],[-19,-32],[4,-98],[23,-34],[46,19],[24,-106],[-12,-50],[47,-18],[-1,-35],[51,4],[-15,-100],[28,17],[61,-93]],[[2395,1395],[-31,-61],[-9,-68],[-20,-109],[-36,5],[-51,-36],[-21,-49],[-39,17],[-32,-41],[-90,26],[-76,-19],[37,-135],[60,-104],[5,-39],[46,-35],[1,-44],[81,-64],[-47,-102],[-118,-7],[-33,-28],[-7,-59],[21,-45],[62,-28],[3,-72],[-29,-51],[35,-209]],[[2107,38],[-68,-29],[-76,-9],[-41,30],[-111,26],[-115,4],[-62,26],[-55,-24],[-80,-3],[-134,38],[-80,11],[-41,25],[-61,4],[-156,-31],[-26,37],[13,58],[53,21],[-6,41]],[[1061,263],[50,41],[17,107],[35,13],[-21,46],[35,34],[69,24],[95,47],[14,55],[2,133],[24,142],[-20,87],[-78,9],[-1,56],[-4,33],[-58,51],[-41,169],[-35,72],[-58,62],[-7,54],[-34,14],[-24,58],[-57,9],[-19,21],[-1,96],[38,15],[2,37],[-53,102],[37,54],[-18,56],[-49,46],[-37,80],[33,75]],[[1061,263],[-122,76],[-3,45],[-68,58],[-8,56],[53,41],[55,8],[-130,89],[-41,-28],[-52,-101],[-31,-3],[-27,51],[-11,33],[-57,27],[-77,-6],[-37,55],[-56,2],[-17,48],[59,9],[-2,31],[-63,33],[50,96],[-193,106],[-84,95],[9,153],[-27,-12],[-55,91],[-89,62],[-37,68],[87,39],[53,-26],[37,23],[52,60],[74,-23],[39,28],[70,199],[41,25],[31,38],[-1,48],[35,33],[29,77],[-14,18],[53,54],[35,108],[54,57],[-5,59],[69,60]],[[2690,275],[-87,33],[-91,-36],[-143,-31],[-102,-30],[-160,-173]],[[2395,1395],[44,-7],[17,33],[130,-2],[45,10],[51,50],[110,-1],[5,-27],[39,-68],[-1,75],[110,-2],[73,-17]],[[3018,1439],[-9,-56],[32,-217],[-41,-23],[59,-84],[44,-76],[95,-44],[77,-10],[4,54],[54,-25],[14,24],[137,73],[95,-29],[31,-29],[6,-107],[-19,-178],[-21,-25],[-156,-21],[-60,-56],[-10,33],[48,18],[-18,100],[-30,39],[-42,-71],[31,-74],[-61,-51],[53,2],[-73,-68],[4,-48],[63,58],[-25,-53],[-78,-98],[-4,-102],[16,-89],[-36,-155],[-137,12],[-92,52],[-26,85],[-73,-26],[-26,44],[-104,-5],[-50,62]],[[2248,2549],[27,8],[44,78],[6,51],[139,37],[54,-9],[74,-54],[23,-64],[43,-50],[39,-153],[61,-84],[51,-61],[3,-55],[58,-54],[32,-82],[85,-66],[36,-112],[43,-106],[5,-138],[-53,-114],[0,-82]],[[1803,2394],[53,16],[70,92],[188,21],[134,26]]],"transform":{"scale":[0.002606243592643793,0.00169663045280939],"translate":[20.24282596900008,43.65428741500004]},"objects":{"ROU_clustered":{"type":"GeometryCollection","geometries":[{"arcs":[[0,1,2,3,4,5]],"type":"Polygon","properties":{"game_region_idx":2,"region_idx":2}},{"arcs":[[-6,6,-1]],"type":"Polygon","properties":{"game_region_idx":0,"region_idx":0}},{"arcs":[[7,-4,8,9]],"type":"Polygon","properties":{"game_region_idx":1,"region_idx":1}},{"arcs":[[10,-9,-3,11]],"type":"Polygon","properties":{"game_region_idx":3,"region_idx":3}}]}}}