{"type":"Topology","arcs":[[[657,244],[36,125],[-22,79],[-108,35],[-33,39],[-52,12]],[[478,534],[-16,71],[-84,16],[-27,29]],[[351,650],[79,53],[155,29],[37,-69],[100,41],[114,83],[58,76],[71,-3],[50,-123],[109,-43],[-3,-34],[59,-58],[4,-118],[-24,-45],[11,-44],[43,-31],[-32,-129],[-45,-17],[-50,14],[-23,-22],[-69,-1],[-86,47],[-59,-27],[-43,9],[-41,-44],[-109,50]],[[657,244],[-15,5],[-17,-162],[-48,-56],[-75,-22],[-47,10],[-69,-19],[-98,0],[-18,67]],[[270,67],[30,38],[-29,56],[10,91],[83,20],[83,43],[10,102],[28,5],[-7,112]],[[270,67],[-20,24],[-88,21],[-58,-11],[-10,-49],[-75,33],[-19,115],[75,64],[75,24],[25,43],[-14,114],[13,57],[57,77],[68,65],[52,6]]],"transform":{"scale":[0.0016713111705106683,0.0020464585747392277],"translate":[28.858837524000105,-2.826854756999893]},"objects":{"RWA_clustered":{"type":"GeometryCollection","geometries":[{"arcs":[[0,1,2]],"type":"Polygon","properties":{"game_region_idx":0,"region_idx":0}},{"arcs":[[3,4,-1]],"type":"Polygon","properties":{"game_region_idx":1,"region_idx":1}},{"arcs":[[5,-2,-5]],"type":"Polygon","properties":{"game_region_idx":2,"region_idx":2}}]}}}