{"type":"Topology","arcs":[[[714,707],[0,-184],[-88,-2],[-200,0],[-1,-285],[-51,-19],[-34,-29],[-7,-58],[7,-130],[-171,0],[-169,0],[20,15],[163,-2],[18,46],[35,50],[17,123],[22,43],[40,21],[21,47],[55,48],[34,134],[27,8],[33,59],[-5,28],[41,14],[58,-16],[44,0],[28,25],[53,4],[10,60]]],"transform":{"scale":[0.01159386813865559,0.008951315585572855],"translate":[-16.958830932999973,21.332859192000072]},"objects":{"SAH_clustered":{"type":"GeometryCollection","geometries":[{"arcs":[[0]],"type":"Polygon","properties":{"game_region_idx":0,"region_idx":0}}]}}}