{"type":"Topology","arcs":[[[174,277],[-21,28],[8,70],[-42,16],[-13,23],[11,55],[-35,53],[11,21],[-36,18],[-39,-14],[-18,21],[18,37],[49,38],[-29,60],[67,49],[-24,58],[44,19],[10,41],[33,34],[-6,47],[25,19],[129,3],[0,297],[0,293],[145,2]],[[461,1565],[364,-1],[2,-459]],[[827,1105],[-84,-4],[31,-245],[14,-18],[37,-103],[6,-55],[-60,-100],[-13,-63],[25,-82],[4,-56],[12,-59],[86,-194]],[[885,126],[-119,2],[-76,-12],[-95,93],[-9,31],[-110,-17],[-16,-45],[-26,-24],[-34,-126],[-65,-28],[-88,4],[-5,64],[23,14],[-1,87],[-49,74],[-41,34]],[[1825,953],[70,-27],[42,-69],[55,-38],[68,23],[70,2]],[[2130,844],[10,-73],[-21,-95],[-22,-29],[-19,-92],[-58,-5],[-81,-109],[-29,-83],[1,-56],[-17,-19],[-36,21],[-45,-44],[7,-41],[-37,-112],[-25,0],[10,53],[-10,49],[-104,90],[-15,102],[19,87],[-70,0],[2,-29],[-96,-1],[38,-40],[10,-91],[-69,-54],[-40,-61],[-63,-59],[-70,-7],[-107,74],[-58,-30],[-19,-41],[-69,-22],[-24,-38],[-116,1],[-22,36]],[[827,1105],[518,-16],[79,-3],[36,18],[38,-37],[77,-12],[53,-25],[102,-30],[71,14],[24,-61]],[[461,1565],[0,274],[198,0],[283,0],[170,0],[260,0],[23,32],[5,-32],[158,0],[92,0],[339,0],[203,0],[0,-47],[33,-52],[-4,-30],[21,-68],[-8,-30],[23,-164],[32,-62],[18,4],[65,-45],[-7,-9],[68,-32],[-48,-83],[-29,3],[-74,-31],[-15,-40],[-62,5],[-14,-74],[10,-38],[-40,-73],[-6,-38],[-30,-47],[5,-44]]],"transform":{"scale":[0.006877668685612409,0.007237904404596466],"translate":[21.809448689905082,8.681641744000046]},"objects":{"SDN_clustered":{"type":"GeometryCollection","geometries":[{"arcs":[[0,1,2,3]],"type":"Polygon","properties":{"game_region_idx":0,"region_idx":0}},{"arcs":[[4,5,-3,6]],"type":"Polygon","properties":{"game_region_idx":2,"region_idx":2}},{"arcs":[[-7,-2,7,-5]],"type":"Polygon","properties":{"game_region_idx":1,"region_idx":1}}]}}}