{"type":"Topology","arcs":[[[1501,68],[18,52],[43,51],[43,117],[-28,73],[3,160],[-105,6],[-96,13],[-60,45],[-85,-16],[-50,77],[-48,-1],[-5,-79],[-40,-81],[-110,2],[-41,27],[-45,55],[-20,71],[7,63]],[[882,703],[32,-21],[45,19],[25,87],[105,150],[-7,126],[-61,51],[-50,84],[-51,1],[33,52],[-31,11]],[[922,1263],[-3,22],[36,38],[92,35],[26,64],[78,46],[92,-65],[52,-51],[39,4],[56,8],[84,92],[55,95],[92,86],[-14,142],[-51,63],[130,1],[-3,46],[93,-1],[-24,-136],[19,-160],[-8,-23],[45,-19],[104,-99],[13,-77],[-13,-83],[33,0],[8,-179],[-28,-39],[-53,-16],[-19,20],[-83,-13],[6,-33],[-39,-67],[8,-31],[131,-31],[56,-53],[5,-34],[52,-62],[41,-17],[4,-30],[41,-25],[21,-84],[25,-52],[25,-83],[44,-60],[21,17],[74,-25],[-10,-53],[5,-65],[27,-32],[-61,1],[-7,61],[-32,27],[-145,-57],[-56,-31],[-166,-183],[-66,-4],[-35,26],[-51,-24],[-75,-8],[-39,-45],[-45,15],[-28,46]],[[882,703],[-99,-10],[-39,27],[-304,-40]],[[440,680],[-58,46],[-11,33],[-131,73],[-38,53],[23,18],[-13,44],[-24,4],[-51,61],[-137,39],[22,49],[-12,32],[74,36],[23,106],[21,26],[1,66],[36,36],[21,71],[149,27],[11,-49],[40,-44],[15,-7],[74,-95],[27,-9],[75,28],[159,-2],[30,-57],[156,-2]],[[1501,68],[-58,-31],[-71,27],[-39,-23],[-20,-41],[-18,40],[-40,-13],[-4,55],[-62,18],[-17,33],[-67,65],[2,29],[-66,26],[-29,-59],[-25,-8],[-37,32],[-45,12],[-69,-59],[-69,30],[-7,28],[-48,10],[-1,31],[-42,35],[-49,66],[-8,75],[-26,47],[-60,28],[-66,45],[5,22],[-43,39],[18,53]]],"transform":{"scale":[0.005110299637624625,0.004619350537850712],"translate":[24.13137414500011,3.4902015180000916]},"objects":{"SDS_clustered":{"type":"GeometryCollection","geometries":[{"arcs":[[0,1,2]],"type":"Polygon","properties":{"game_region_idx":2,"region_idx":2}},{"arcs":[[3,4,-2]],"type":"Polygon","properties":{"game_region_idx":0,"region_idx":0}},{"arcs":[[-4,-1,5]],"type":"Polygon","properties":{"game_region_idx":1,"region_idx":1}}]}}}