{"type":"Topology","arcs":[[[2106,557],[27,-39],[26,48],[54,-20],[30,-129],[31,-19],[25,-73],[-18,-54],[11,-51],[-25,-97],[34,-33],[-4,-39],[-47,14],[-91,-25],[-120,13],[-105,-53],[-54,44],[-33,-15],[-21,33],[-46,5],[-53,52],[-25,-36],[-38,26],[2,62],[-106,7],[-137,12],[-530,3]],[[893,193],[6,106],[-40,82],[-15,69],[-31,16],[7,81]],[[820,547],[42,32],[34,85],[46,-49],[88,-43],[18,-27],[52,-3],[74,-57],[72,-7],[54,35],[77,20],[12,48],[-24,39],[-39,39],[-135,-66],[-45,36],[-44,72],[-53,-22],[-28,17],[-21,59]],[[1000,755],[18,38],[68,52],[19,65],[-21,133],[1,97]],[[1085,1140],[46,16],[57,53],[33,-42],[162,-83],[121,-2],[109,102],[101,-25],[72,10],[40,72],[29,97],[-44,103]],[[1811,1441],[21,7],[60,-56],[34,-78],[75,-80],[-21,-89],[6,-66],[70,-73],[13,-44],[-10,-72],[23,-61],[-18,-81],[-32,-25],[38,-83],[42,-46],[-6,-37]],[[893,193],[-29,-2],[-75,-62],[-94,-60],[-78,2],[-130,5],[-67,-47],[-118,-15],[-28,79],[83,76],[72,-42],[29,24],[44,-10],[69,28],[16,-16],[-21,66],[-10,-38],[-40,-23],[-72,-7],[-9,-17],[-72,56],[-78,-47],[-8,133],[13,27],[4,107],[28,34],[290,-4],[27,3],[1,81],[113,35],[67,-12]],[[1000,755],[-89,28],[-63,-40],[-48,15],[-46,-97],[-212,1],[-178,1],[-28,47],[4,48],[39,42],[-43,-4],[-24,-39],[-17,94],[41,5],[17,43],[82,61],[-3,3],[-33,13],[-61,-95],[-50,-20],[-17,80],[-22,21],[-26,98],[-45,51],[-33,82],[-36,45],[-65,20],[-13,-39],[-31,49],[62,22],[70,50],[114,174],[53,126],[74,154],[-1,16]],[[372,1810],[106,20],[53,79],[72,55],[30,40],[94,-134],[58,5],[3,35],[214,-1],[56,-23],[61,-77],[-75,-65],[-16,-122],[62,-43],[32,5],[-19,-127],[16,-11],[-98,-32],[27,-100],[-49,-108],[78,-39],[8,-27]],[[372,1810],[28,190],[32,38],[20,118],[73,41],[29,-30],[90,9],[52,-17],[92,38],[125,24],[44,47],[16,-25],[125,-7],[71,16],[24,-12],[122,-146],[20,-65],[57,-55],[34,7],[16,-15],[72,25],[64,-121],[28,-154],[43,-11],[12,-55],[47,7],[22,-81],[81,-135]]],"transform":{"scale":[0.0026763427092568385,0.001933764906966472],"translate":[-17.536040818999936,12.305606588000089]},"objects":{"SEN_clustered":{"type":"GeometryCollection","geometries":[{"arcs":[[0,1,2,3,4,5]],"type":"Polygon","properties":{"game_region_idx":0,"region_idx":0}},{"arcs":[[[6,-2]],[[7,8,-4]]],"type":"MultiPolygon","properties":{"game_region_idx":2,"region_idx":2}},{"arcs":[[-9,9,-5]],"type":"Polygon","properties":{"game_region_idx":1,"region_idx":1}}]}}}