{"type":"Topology","arcs":[[[208,0],[-208,49],[38,134],[81,29]],[[119,212],[-3,-55],[49,-87]],[[165,70],[43,-70]],[[261,44],[-53,-44]],[[165,70],[37,123],[42,13]],[[244,206],[29,-19]],[[273,187],[-11,-35],[-27,-31],[26,-77]],[[332,157],[39,-21],[-51,-75],[-59,-17]],[[273,187],[59,-30]],[[119,212],[45,23],[80,-29]]],"transform":{"scale":[0.0009590142075471139,0.0007519877523899343],"translate":[103.64763431100005,1.2719180361884241]},"objects":{"SGP_clustered":{"type":"GeometryCollection","geometries":[{"arcs":[[0,1,2]],"type":"Polygon","properties":{"game_region_idx":0,"region_idx":0}},{"arcs":[[3,-3,4,5,6]],"type":"Polygon","properties":{"game_region_idx":1,"region_idx":1}},{"arcs":[[7,-7,8]],"type":"Polygon","properties":{"game_region_idx":2,"region_idx":2}},{"arcs":[[9,-5,-2]],"type":"Polygon","properties":{"game_region_idx":3,"region_idx":3}}]}}}