{"type":"Topology","arcs":[[[7961,560],[67,-34],[-67,-37],[0,71]],[[8151,1264],[7,-77],[-95,57],[0,84],[61,3],[27,-67]],[[8066,2036],[-45,49],[38,35],[43,-52],[-36,-32]],[[3190,5902],[64,-87],[-79,-65],[-87,56],[95,-108],[-93,-44],[-101,178],[-7,66],[-78,189],[-40,51],[-51,-18],[-89,82],[8,42],[-104,80],[-78,110],[-111,-25],[17,59],[-38,59],[88,42],[-162,13],[-39,-47],[-49,103],[56,67],[-214,-17],[8,59],[101,-7],[225,25],[-42,-51],[119,-46],[57,46],[-1,-100],[33,58],[86,-6],[122,-45],[-19,-97],[77,29],[-69,-110],[32,-28],[75,27],[-9,-92],[77,-33],[-30,135],[69,-53],[1,-105],[49,-3],[8,-95],[67,-57],[-43,-61],[29,-35],[81,27],[-25,-85],[14,-83]]],"transform":{"scale":[0.0019447804861485644,0.0008083855078146035],"translate":[-42.11172441299993,-59.45826588299991]},"objects":{"SGS_clustered":{"type":"GeometryCollection","geometries":[{"arcs":[[[0]],[[1]],[[2]],[[3]]],"type":"MultiPolygon","properties":{"game_region_idx":0,"region_idx":0}}]}}}