{"type":"Topology","arcs":[[[1181,1143],[-51,-23],[4,-27],[-50,-2],[-57,57],[-51,10],[-32,-57],[-55,-34],[-35,-68],[6,-99],[-16,-38],[-72,11],[-22,-20]],[[750,853],[-51,-11],[-35,-64],[-29,-13],[-85,6],[0,-61],[-71,53],[-71,-5],[-38,-38],[-89,51],[-72,7],[-34,-52],[-33,-15]],[[142,711],[-79,-41],[-5,50],[-46,85],[-6,43],[48,-11],[59,-56],[-32,53],[78,72],[-62,-9],[-39,-35],[-32,80],[1,83],[110,17],[-63,4],[-5,29],[-63,28],[-6,39],[41,20],[40,-18],[38,28],[31,96],[53,5],[58,75],[28,92],[50,79],[7,68],[111,37],[49,-29],[95,26],[5,38],[278,2],[32,-8],[17,-59],[66,-71],[68,-125],[-1,-31],[79,-81],[-31,-121],[67,-22]],[[1181,1143],[-4,-121],[52,-80],[-68,-83],[-38,-109],[90,9],[46,73],[57,8],[-36,-183],[-72,-13],[-38,-61],[1,-132],[-50,-34],[-63,-95],[-45,-25],[-73,-76]],[[940,221],[-93,43],[-16,99],[-38,-32],[-17,72],[47,24],[-11,85],[39,39],[6,68],[-17,69],[-67,88],[-23,77]],[[940,221],[-32,-50],[-68,-62],[-27,-109],[-43,2],[-133,112],[-207,98],[-84,33],[34,78],[50,-3],[39,44],[-78,-33],[-61,57],[-73,32],[-108,108],[60,4],[-39,61],[15,40],[-45,45],[2,33]],[[352,342],[-11,-89],[-38,40],[-151,49],[24,23],[120,16],[56,-39]]],"transform":{"scale":[0.0022939667765957917,0.0018407356736905162],"translate":[-13.30109615799995,6.938544007000118]},"objects":{"SLE_clustered":{"type":"GeometryCollection","geometries":[{"arcs":[[0,1,2]],"type":"Polygon","properties":{"game_region_idx":0,"region_idx":0}},{"arcs":[[3,4,-1]],"type":"Polygon","properties":{"game_region_idx":1,"region_idx":1}},{"arcs":[[[5,-2,-5]],[[6]]],"type":"MultiPolygon","properties":{"game_region_idx":2,"region_idx":2}}]}}}