{"type":"Topology","arcs":[[[133,449],[-120,59],[-13,58],[13,55],[63,70],[118,94],[37,14],[73,-12],[32,92],[59,46],[89,22],[-16,56],[-40,35],[24,74],[23,-27],[47,41],[72,16],[43,-29]],[[637,1113],[83,-80],[-14,-50],[-38,-21],[-24,-64],[-58,-31],[-16,-57],[46,-27],[-11,-82],[-39,-29],[-20,-125],[13,-20],[-59,-46],[-4,-48],[-77,-118]],[[419,315],[-58,19],[-107,-7],[-24,62],[-97,60]],[[637,1113],[160,-54],[38,39],[21,-54],[41,-10],[63,-123],[63,-1],[35,-74],[77,10],[0,-53],[46,-36],[47,3],[115,-35],[-1,-110]],[[1342,615],[-30,-82],[38,-63],[-148,-125],[-55,-183],[-70,-73]],[[1077,89],[-13,6],[-193,94],[-59,38],[-96,51],[-111,21],[-118,-1],[-68,17]],[[1527,675],[31,17],[1,48],[122,-11],[60,-101],[52,23],[23,-11],[97,26],[15,-34],[72,-49],[-43,-111],[-29,-140],[54,-30],[-11,-51],[-65,-31],[-18,31],[-29,-68],[68,-53],[-5,-35],[-79,-46],[-29,-49],[-136,12],[-17,-1],[-80,-9],[-188,20],[18,34],[-143,38],[49,-59],[-215,42],[-25,12]],[[1342,615],[185,60]]],"transform":{"scale":[0.0012053527835000038,0.0011267389089317345],"translate":[-90.11431392499989,13.158636786000045]},"objects":{"SLV_clustered":{"type":"GeometryCollection","geometries":[{"arcs":[[0,1,2]],"type":"Polygon","properties":{"game_region_idx":1,"region_idx":1}},{"arcs":[[3,4,5,-2]],"type":"Polygon","properties":{"game_region_idx":2,"region_idx":2}},{"arcs":[[6,-5,7]],"type":"Polygon","properties":{"game_region_idx":0,"region_idx":0}}]}}}