{"type":"Topology","arcs":[[[195,236],[-65,56]],[[130,292],[172,51],[27,-67],[2,-62],[-42,-99],[-43,-89],[-72,-26]],[[174,0],[-19,41],[18,40]],[[173,81],[74,39],[-23,34],[-29,82]],[[174,0],[-130,38],[-30,57],[-14,25]],[[0,120],[90,26],[12,36],[71,-101]],[[0,120],[31,92],[66,59],[33,21]]],"transform":{"scale":[0.00031990108969497745,0.00026032237208129585],"translate":[12.385628745000105,43.89327621237619]},"objects":{"SMR_clustered":{"type":"GeometryCollection","geometries":[{"arcs":[[0,1,2,3]],"type":"Polygon","properties":{"game_region_idx":0,"region_idx":0}},{"arcs":[[4,5,-3]],"type":"Polygon","properties":{"game_region_idx":1,"region_idx":1}},{"arcs":[[6,-1,-4,-6]],"type":"Polygon","properties":{"game_region_idx":2,"region_idx":2}}]}}}