{"type":"Topology","arcs":[[[825,275],[0,-20],[-127,-255],[-132,0],[-194,88],[-197,85],[-53,62],[-27,13],[-24,49],[-7,34],[-15,7],[-31,50],[-18,79],[72,145],[33,-22],[-1,-22],[45,-76],[59,-61],[41,-13],[50,6],[50,45],[20,2],[41,34],[40,-19],[14,5],[32,-18],[28,10],[93,74],[41,-12],[64,7],[24,23],[41,9],[38,-14],[0,-295]]],"transform":{"scale":[0.007562988553840403,0.005704727349673208],"translate":[42.69964644300006,7.996567281000097]},"objects":{"SOL_clustered":{"type":"GeometryCollection","geometries":[{"arcs":[[0]],"type":"Polygon","properties":{"game_region_idx":0,"region_idx":0}}]}}}