{"type":"Topology","arcs":[[[907,1105],[61,52],[133,176],[0,14],[0,204],[88,25],[95,16],[43,40],[31,8],[68,-19],[-24,-40],[-5,-38],[13,-75],[30,-11],[-65,-18],[-16,-85],[4,-20],[-32,-51],[-25,-22],[-36,-63],[-44,-45],[-28,-67],[-38,-46],[-40,-74],[-6,-33],[-53,-80],[-62,-69],[-50,-69]],[[949,715],[-47,18],[15,85],[-35,68],[34,64],[-156,31]],[[760,981],[147,124]],[[629,860],[131,121]],[[949,715],[-110,-105]],[[839,610],[-90,51],[-50,-45],[-12,-33],[-93,-6],[-27,6],[-40,3],[2,71],[-28,128]],[[501,785],[48,-1],[80,76]],[[839,610],[-140,-125],[-58,-31],[-47,-23],[-99,-52],[-142,-108],[-47,-43],[-74,-65],[-78,-77],[-59,-85],[-18,-1],[-75,85],[-2,254],[0,191],[52,47],[77,97],[33,24],[101,16],[34,38],[57,24],[61,13],[86,-4]]],"transform":{"scale":[0.007242908399999948,0.008269444965853667],"translate":[40.96538537600014,-1.5727710979999472]},"objects":{"SOM_clustered":{"type":"GeometryCollection","geometries":[{"arcs":[[0,1,2]],"type":"Polygon","properties":{"game_region_idx":0,"region_idx":0}},{"arcs":[[3,-2,4,5,6]],"type":"Polygon","properties":{"game_region_idx":1,"region_idx":1}},{"arcs":[[-6,7]],"type":"Polygon","properties":{"game_region_idx":2,"region_idx":2}}]}}}