{"type":"Topology","arcs":[[[104,76],[21,-36],[-83,-40],[-42,36],[50,80],[-50,109],[121,-41],[-51,-53],[34,-55]]],"transform":{"scale":[0.0011798173942307352,0.0014666522000000744],"translate":[-56.39635169199994,46.78359609600005]},"objects":{"SPM_clustered":{"type":"GeometryCollection","geometries":[{"type":null,"properties":{"game_region_idx":0,"region_idx":0}},{"arcs":[[0]],"type":"Polygon","properties":{"game_region_idx":1,"region_idx":1}}]}}}