{"type":"Topology","arcs":[[[146,190],[43,-35],[-4,-61],[-53,-57],[-96,-37],[-36,96],[47,64],[99,30]],[[664,833],[-41,-73],[-45,18],[46,68],[40,-13]]],"transform":{"scale":[0.0015076173825301032,0.0019694298995272244],"translate":[6.4616805350000845,0.03363678600004505]},"objects":{"STP_clustered":{"type":"GeometryCollection","geometries":[{"arcs":[[0]],"type":"Polygon","properties":{"game_region_idx":0,"region_idx":0}},{"arcs":[[1]],"type":"Polygon","properties":{"game_region_idx":1,"region_idx":1}}]}}}