{"type":"Topology","arcs":[[[353,1432],[215,31],[102,-7],[68,23],[111,9],[61,61]],[[910,1549],[-23,-67],[-12,-116],[77,2],[77,-50],[56,39],[53,-95],[4,-149],[15,-31],[9,-147],[26,-23],[101,65],[30,-13],[27,62],[-10,59],[28,36],[6,56],[33,100],[-47,38],[21,76],[62,89],[142,-68]],[[1585,1412],[-47,-66],[-22,-59],[20,-85],[-6,-94],[24,-100],[23,-39],[-2,-53],[66,-88],[26,-11],[32,-64],[26,-10],[-6,-65],[-88,-137],[20,-66],[-21,-81],[-62,-112],[-68,-67],[-78,-10],[1,51],[-59,-5],[-58,46],[11,23],[-67,-30],[-81,-3],[-41,-38],[-88,2],[-49,-16],[-112,52],[-10,-51],[-44,-27],[85,-124],[-3,-63],[-41,-22],[-147,40],[-90,37],[-53,5],[-51,97],[-71,102],[-14,59],[-62,72],[-26,63],[12,24],[-29,45],[-14,109],[-108,-19],[-40,19],[6,50],[-78,61],[-11,44],[-75,92],[-15,69],[43,54],[6,54],[48,100],[-34,75],[29,39],[55,28],[97,1],[89,14],[-4,61],[44,5],[-20,32]],[[353,1432],[-39,33],[68,91],[16,109],[26,55],[46,26],[149,-26],[127,-24],[172,-54],[0,-36]],[[918,1606],[-33,-19],[25,-38]],[[918,1606],[4,35],[-25,57],[43,33],[190,-1],[60,-23],[10,-7],[35,3],[8,-36],[18,25],[-31,32],[31,13],[161,-6],[99,-15],[184,-41],[21,-40],[-37,-107],[-49,-69],[-55,-47]]],"transform":{"scale":[0.0023646197850521493,0.0023929364209622126],"translate":[-58.067691202999924,1.8335067750000604]},"objects":{"SUR_clustered":{"type":"GeometryCollection","geometries":[{"arcs":[[0,1,2]],"type":"Polygon","properties":{"game_region_idx":0,"region_idx":0}},{"arcs":[[-1,3,4]],"type":"Polygon","properties":{"game_region_idx":1,"region_idx":1}},{"arcs":[[-2,-5,5]],"type":"Polygon","properties":{"game_region_idx":2,"region_idx":2}}]}}}