{"type":"Topology","arcs":[[[1599,1376],[17,-60],[65,-21],[-6,-89],[-20,-13],[41,-74],[-29,-22],[94,-2],[52,-30]],[[1813,1065],[-39,-54],[-6,-84],[39,-34],[16,-70],[30,-18],[-24,-85],[18,-44],[68,1]],[[1915,677],[-30,-48],[-45,-126],[-100,-32],[-20,-46],[-112,-65],[-63,28],[-5,39],[-70,25],[-64,-35],[-11,-74],[-29,-25],[-71,2],[-37,-25],[-108,4]],[[1150,299],[23,59],[-3,75],[-98,-42],[-33,26],[24,111],[-53,102],[-38,-51],[-80,-28],[19,67],[-41,140],[58,23],[29,63],[29,-10],[66,109],[-27,64],[-40,40],[-1,95],[-66,16],[-58,-14],[48,38],[23,70],[-23,85],[-42,30],[-64,131]],[[802,1498],[81,105],[11,39],[126,22],[84,0],[16,-110],[111,13],[41,108],[52,16],[50,65],[33,-36],[27,-104],[42,-12],[-4,-38],[75,-8],[20,-112],[-32,-65],[64,-5]],[[2923,1051],[-59,1],[-40,59],[-34,-75],[-67,0],[-110,50],[6,-94],[-52,-34],[-85,32],[-30,83],[-55,-6],[-3,-34],[-47,-25],[-11,48],[-68,34],[-53,4],[-45,45],[-95,47],[-65,-46],[-65,49],[-50,0],[-68,-56],[22,-19],[-36,-49]],[[1599,1376],[52,14],[45,-40],[42,124],[81,32],[12,46],[114,-12],[89,25],[46,-66],[87,-33],[48,98],[49,23],[25,-24],[47,49],[88,-38],[92,16],[48,-23],[34,-51],[33,27],[92,-94],[10,-64],[98,-37],[10,-30],[65,-13],[27,-31],[79,-20],[-10,-75],[-38,-21],[-41,-107]],[[2923,1051],[-26,-150],[-89,-108],[-11,-172],[-19,-24],[-89,-6],[-74,-36],[-32,5],[-61,95],[-11,50],[-37,6],[-52,58],[-166,-68],[-87,28],[-85,48],[-160,-41],[-9,-59]],[[221,244],[-60,-2],[-42,29],[6,59],[-52,60],[-17,109],[-56,85],[9,74],[46,96],[-1,74],[42,117],[75,107],[129,-28],[65,-16],[102,47],[36,55],[34,1],[29,84],[52,8],[48,70],[7,104],[39,71],[90,50]],[[1150,299],[-95,-24],[-51,-65],[3,-96],[36,-36],[-65,-51],[-75,14],[-167,-37],[-65,8],[-152,-12],[-56,22],[-131,110],[-54,87],[-57,25]]],"transform":{"scale":[0.0018908221281540587,0.0010545405894077122],"translate":[16.84448042800011,47.75000640900008]},"objects":{"SVK_clustered":{"type":"GeometryCollection","geometries":[{"arcs":[[0,1,2,3,4]],"type":"Polygon","properties":{"game_region_idx":2,"region_idx":2}},{"arcs":[[5,-1,6]],"type":"Polygon","properties":{"game_region_idx":0,"region_idx":0}},{"arcs":[[7,-2,-6]],"type":"Polygon","properties":{"game_region_idx":1,"region_idx":1}},{"arcs":[[8,-4,9]],"type":"Polygon","properties":{"game_region_idx":3,"region_idx":3}}]}}}