{"type":"Topology","arcs":[[[336,64],[-80,50],[24,86],[73,12],[89,14],[-47,71],[101,-21],[77,37],[29,55],[-40,27],[-91,165],[-90,47],[-143,85],[-5,80],[34,84],[18,59],[-17,67],[-104,-30],[-54,68],[69,121],[107,87],[28,81],[-15,18],[-78,5],[-56,52],[-99,25],[-15,-36],[-51,145],[35,28],[43,83],[110,60],[80,95],[97,38],[18,97],[92,-21],[124,7],[141,-51],[76,-11],[76,-63],[108,-3],[187,1],[35,-35],[74,-1],[43,-70],[25,23]],[[1364,1695],[8,-40],[81,-4],[52,-140],[23,1],[54,-57],[116,-3],[34,-22],[29,-52],[-13,-3],[-15,-55],[-65,-30],[7,-41],[-92,-64],[-48,-37],[27,-24],[16,-110],[145,-1],[57,-69],[-44,-38],[-13,-125],[-30,-28],[6,-80],[-59,-18],[11,-70],[-21,-26],[31,-26],[-59,-151],[-45,9],[-9,-87],[-68,-47]],[[1480,257],[-80,80],[-2,83],[-26,1],[-88,-149],[-26,-93],[-110,-84],[-52,-5],[-123,39],[-117,-43],[-147,69],[-5,-65],[-107,-90],[-79,16],[-69,53],[-113,-5]],[[3344,2374],[17,-63],[58,-82],[43,-59],[-35,-47],[66,-56],[81,-104],[16,-75],[-124,66],[-75,7],[-34,-22],[-11,-7],[-46,-24],[-30,-50],[16,-125],[36,-65],[-101,-11],[-68,40],[-49,-35],[-35,8],[-9,-106],[-64,-46],[-86,-31],[-43,-24],[-93,-18],[-56,-67],[-82,7],[-59,-34]],[[2577,1351],[-15,16],[-54,121],[25,19],[111,-18],[39,65],[-4,58],[-40,41],[8,72],[-149,105],[-13,25],[-7,25],[28,22],[-4,91],[-53,124]],[[2449,2117],[7,26],[54,49],[62,5],[16,69],[106,-26],[63,16],[107,15],[102,-46],[56,-41],[-40,83],[-12,99],[19,97],[74,28],[88,18],[56,3],[106,10],[29,-30],[37,-22],[-22,-64],[-13,-32]],[[2577,1351],[-42,-99],[39,-109],[79,-61],[-22,-85],[2,-119],[-18,-63],[7,-101],[-132,-14],[-113,-14],[-24,-70],[-113,-40],[-92,-68],[63,-73],[29,22],[49,-78],[-87,-25],[-33,-42],[16,-53],[33,-115],[57,-42],[-54,-55],[-148,-44],[-51,8],[-84,77],[-101,31],[-83,40],[-26,-78],[-96,-8],[-18,49],[-129,71],[-5,64]],[[1364,1695],[32,75],[94,44],[42,58],[99,47],[21,56],[41,87],[49,7],[29,17],[55,-26],[42,64],[93,19],[99,-11],[182,4],[63,4],[54,-33],[31,-22],[59,32]]],"transform":{"scale":[0.0008774485467966523,0.0005711044888977137],"translate":[13.365261271000094,45.423636779999995]},"objects":{"SVN_clustered":{"type":"GeometryCollection","geometries":[{"arcs":[[0,1,2]],"type":"Polygon","properties":{"game_region_idx":2,"region_idx":2}},{"arcs":[[3,4,5]],"type":"Polygon","properties":{"game_region_idx":0,"region_idx":0}},{"arcs":[[-5,6,-2,7]],"type":"Polygon","properties":{"game_region_idx":1,"region_idx":1}}]}}}