{"type":"Topology","arcs":[[[484,62],[-70,48],[-37,3],[-79,55],[25,51],[-29,3]],[[294,222],[47,58],[3,84],[37,63],[-11,39],[-1,80],[33,8]],[[402,554],[49,-24],[35,13],[51,-20],[-13,-110],[28,-87],[3,-136],[-52,13],[-19,-141]],[[294,222],[-111,-19],[-62,-27],[-12,42],[-66,-6]],[[43,212],[-35,-9],[-8,135],[48,72],[58,76],[34,76],[79,62],[50,5],[133,-75]],[[484,62],[10,-62],[-184,2],[-154,42],[-75,68],[-7,50],[-31,50]]],"transform":{"scale":[0.002398158900900894,0.0025001863084260657],"translate":[30.782906128000093,-27.316264342999926]},"objects":{"SWZ_clustered":{"type":"GeometryCollection","geometries":[{"arcs":[[0,1,2]],"type":"Polygon","properties":{"game_region_idx":0,"region_idx":0}},{"arcs":[[-2,3,4]],"type":"Polygon","properties":{"game_region_idx":1,"region_idx":1}},{"arcs":[[-4,-1,5]],"type":"Polygon","properties":{"game_region_idx":2,"region_idx":2}}]}}}