{"type":"Topology","arcs":[[[727,1123],[75,-74],[-178,-140],[-187,6],[-204,-76],[-165,-10],[-68,207],[58,-87],[227,-31],[288,141],[86,-23],[-53,149],[121,-62]],[[193,1142],[79,77],[282,-34],[-120,-60],[-122,40],[-119,-23]],[[25327,7831],[30,162],[72,94],[-102,-256]],[[22838,16173],[-82,39],[-6,132],[87,-56],[1,-115]],[[24280,16677],[63,-85],[-79,-22],[16,107]],[[23904,16811],[54,13],[126,-96],[35,-91],[-89,-6],[-103,81],[-23,99]],[[23387,15534],[-73,89],[-210,108],[37,49],[86,44],[46,80],[78,48],[-10,-84],[-2,-60],[4,-24],[28,-28],[10,-16],[41,-36],[55,-45],[38,-44],[-6,-27],[4,-148],[-6,-103],[31,-105],[-113,85],[-75,52],[71,72],[-34,93]]],"transform":{"scale":[0.0003964008857996775,0.00032274761556886017],"translate":[46.207367384000065,-9.71998463299991]},"objects":{"SYC_clustered":{"type":"GeometryCollection","geometries":[{"arcs":[[[0]],[[1]],[[2]]],"type":"MultiPolygon","properties":{"game_region_idx":0,"region_idx":0}},{"arcs":[[[3]],[[4]],[[5]]],"type":"MultiPolygon","properties":{"game_region_idx":2,"region_idx":2}},{"arcs":[[6]],"type":"Polygon","properties":{"game_region_idx":1,"region_idx":1}}]}}}