{"type":"Topology","arcs":[[[12,210],[44,96],[-15,75],[-31,114],[39,48],[24,47],[39,28],[-44,26],[48,86],[67,18],[40,-16],[11,18],[-38,26],[46,65],[31,4],[48,72],[-9,42],[-23,36],[5,26],[-36,39],[-37,0],[21,62],[-30,32],[-18,-29],[-55,1],[-53,10],[-38,133],[13,48],[-5,42],[27,44],[-11,31],[-5,76],[-67,70],[38,87],[-15,53],[27,1],[15,32],[90,-47],[15,64],[60,20],[6,114],[107,1],[-5,37]],[[338,1942],[44,12],[28,-44],[-44,-55],[58,-47],[3,-30],[44,-75],[31,-21],[-13,-28],[27,-60],[32,-19],[51,-24],[82,4],[32,-24],[54,-13],[158,0],[25,-26],[33,5],[109,-10],[207,-59]],[[1299,1428],[49,-49],[23,-54],[3,-50],[269,-420]],[[1643,855],[-272,-180],[-246,-161],[-170,-118],[-304,-214],[-250,-182],[-48,1],[-64,19],[-53,14],[-73,68],[-40,-5],[-24,68],[-87,45]],[[1507,2019],[-8,18],[-57,29],[-39,3],[-31,61]],[[1372,2130],[120,24],[158,70],[75,53],[49,15],[68,37],[69,11],[113,-29],[104,6],[196,48],[75,73],[52,-48],[-7,-27],[16,-53],[-35,-33],[-163,-183],[-20,-14],[-139,-30],[-18,-17],[-33,-67],[-13,-152],[38,-90],[7,-99],[-20,-50],[-17,-28],[-26,-152],[5,-177],[-4,-24],[-77,-166],[-19,-21],[-91,-26],[-192,-126]],[[1299,1428],[157,247],[-10,52],[61,292]],[[338,1942],[-23,9],[-19,83],[25,123],[20,39],[114,-36],[18,-54],[84,8],[76,-12],[77,47],[62,14],[137,71],[37,-2],[88,-33],[40,-44],[33,-24],[114,3],[57,-20],[94,16]]],"transform":{"scale":[0.0026992334739837243,0.0020541911739130592],"translate":[35.737071160000085,32.31678822900007]},"objects":{"SYR_clustered":{"type":"GeometryCollection","geometries":[{"arcs":[[0,1,2,3]],"type":"Polygon","properties":{"game_region_idx":0,"region_idx":0}},{"arcs":[[4,5,-3,6]],"type":"Polygon","properties":{"game_region_idx":2,"region_idx":2}},{"arcs":[[-5,-7,-2,7]],"type":"Polygon","properties":{"game_region_idx":1,"region_idx":1}}]}}}