{"type":"Topology","arcs":[[[23,582],[30,5],[-53,-113],[23,108]],[[160,719],[8,88],[95,-92],[134,14],[-38,-48],[-84,10],[-64,-47],[-51,75]],[[1083,582],[-76,88],[106,-59],[-30,-29]],[[755,700],[-53,98],[46,-23],[145,3],[38,-137],[-107,69],[-69,-10]],[[511,868],[15,78],[109,-15],[37,-173],[-92,70],[14,94],[-83,-54]]],"transform":{"scale":[0.0008984756040133888,0.0006970653572938703],"translate":[-72.48131262899994,21.29979075700004]},"objects":{"TCA_clustered":{"type":"GeometryCollection","geometries":[{"arcs":[[[0]],[[1]]],"type":"MultiPolygon","properties":{"game_region_idx":0,"region_idx":0}},{"arcs":[[[2]],[[3]]],"type":"MultiPolygon","properties":{"game_region_idx":1,"region_idx":1}},{"arcs":[[4]],"type":"Polygon","properties":{"game_region_idx":2,"region_idx":2}}]}}}