{"type":"Topology","arcs":[[[234,1214],[-14,18],[-80,-1],[-104,137],[-36,148],[36,31],[35,44],[16,65],[122,160],[149,150],[100,103]],[[458,2069],[273,-123],[265,-120],[34,-39],[63,-40],[48,-11],[103,30],[44,46],[18,46],[1,51],[38,-11],[10,-34],[30,-18],[100,-22]],[[1485,1824],[0,-357],[0,-32],[55,-27],[10,-71],[2,-103],[-69,-26],[42,-37],[-28,-30],[9,-17],[-40,-40],[-21,-70],[-98,16],[-39,-35],[16,-34],[-22,-38],[-31,-12],[-13,20],[-30,-6],[-2,-72],[63,-36],[113,-44],[6,-81],[-12,-56],[8,-30],[-15,-35],[17,-30],[64,-189]],[[1470,352],[-66,-11],[-122,0],[-53,-33],[58,-41],[-71,-88],[-32,-15],[-18,-35],[-94,-5],[-63,-12],[-50,3],[-101,-38],[-26,-27],[-54,-12],[-25,-18],[-33,26],[-17,44],[-32,-16],[-8,-27],[-79,-21],[-52,-26],[-71,14],[18,59],[-27,11],[-53,127],[-40,52],[-18,4],[-137,108],[-6,16],[-85,86],[53,75],[59,4],[66,-16],[109,13],[39,-11],[67,13],[-86,70],[-53,106],[-9,62],[7,74],[17,25],[-15,29],[10,26],[-16,60],[-7,12],[-24,30],[-19,86],[-53,23],[-24,56]],[[1485,1824],[69,-25],[41,9],[35,29],[-76,200],[22,92],[6,174],[-62,157],[-34,130],[202,381]],[[1688,2971],[308,-147],[224,-107],[168,-80],[0,-203],[1,-255],[0,-369],[-89,6],[-62,-15],[-45,6],[-44,-31],[9,-75],[-51,-53],[-20,-36],[3,-30],[-69,-30],[18,-64],[21,-28],[-80,-44],[-24,-33],[27,-42],[17,-54],[-76,-60],[-28,-58],[28,-34],[28,-1],[33,24],[55,-29],[-16,-33],[24,-62],[-5,-32],[35,9],[-17,-86],[20,-37],[35,-25],[30,0],[10,-41],[-22,-64],[-91,18],[-21,-10],[-43,-30],[-103,-40],[7,-49],[-22,-39],[-25,-3],[-47,-57],[-15,6],[-58,-53],[-43,-72],[-65,-21],[-24,-40],[-74,3],[-40,-19]],[[458,2069],[5,49],[15,169],[21,230],[20,209],[51,91],[-2,12],[-93,93],[15,34],[-70,98],[-27,24],[-2,106],[-44,220],[228,98],[329,-157],[336,-160],[140,-67],[308,-147]]],"transform":{"scale":[0.004409888059857672,0.004565026969446031],"translate":[13.449183797000103,7.457995504000067]},"objects":{"TCD_clustered":{"type":"GeometryCollection","geometries":[{"arcs":[[0,1,2,3]],"type":"Polygon","properties":{"game_region_idx":2,"region_idx":2}},{"arcs":[[-3,4,5]],"type":"Polygon","properties":{"game_region_idx":0,"region_idx":0}},{"arcs":[[-5,-2,6]],"type":"Polygon","properties":{"game_region_idx":1,"region_idx":1}}]}}}