{"type":"Topology","arcs":[[[260,1448],[-19,30],[19,62],[-52,41],[-49,1],[-73,70],[-50,16],[48,158],[-84,27],[302,-49],[1,-25],[87,20],[104,2],[-18,-73],[-37,-38],[-6,-120],[105,-55],[155,-81],[9,-148],[32,-111]],[[734,1175],[-99,-29],[-95,-3],[-2,-53],[-54,-21],[-71,15],[-65,-62],[-47,-16]],[[301,1006],[-24,71],[34,59],[12,79],[-22,25],[-70,4],[-48,35],[21,41],[29,-13],[-7,40],[34,101]],[[734,1175],[68,-57],[16,-33],[3,-180],[15,-31],[-17,-40]],[[819,834],[-170,2],[13,-77],[-11,-60],[-67,-17],[-121,5],[-107,-27]],[[356,660],[-13,114],[60,29],[-41,76],[-80,43],[-32,44],[51,40]],[[819,834],[10,-35],[-2,-101],[2,-368],[-43,-2],[15,-33],[17,-57],[-16,-25],[82,-93],[18,-55],[-75,-23],[-88,-12],[-113,-30],[-194,117],[-25,43],[-37,33],[-3,38],[-50,38],[-11,52],[48,22],[22,107],[-45,22],[-23,66],[52,51],[-4,71]]],"transform":{"scale":[0.002160155076496782,0.0027169399568268047],"translate":[-0.1661091709999596,6.100490627000055]},"objects":{"TGO_clustered":{"type":"GeometryCollection","geometries":[{"arcs":[[0,1,2]],"type":"Polygon","properties":{"game_region_idx":0,"region_idx":0}},{"arcs":[[-2,3,4,5]],"type":"Polygon","properties":{"game_region_idx":1,"region_idx":1}},{"arcs":[[-5,6]],"type":"Polygon","properties":{"game_region_idx":2,"region_idx":2}}]}}}