{"type":"Topology","arcs":[[[997,1270],[-86,-53],[-76,-30],[-69,4],[-67,-27],[-4,-66],[-28,-20],[-18,52],[-43,-35],[-88,-36],[-88,22],[-58,-16],[-22,-42],[-108,-23]],[[242,1000],[-20,43],[-119,-2],[-4,53],[-99,51],[26,121],[21,31],[78,31],[173,-43],[54,10],[27,54],[3,73],[40,-1],[12,76],[43,70],[-74,-17],[-32,24],[133,31],[80,-17],[-23,47],[29,31],[-32,82],[34,29],[1,54],[36,34],[68,-75],[187,109],[25,70],[25,-3],[76,-95],[18,-55],[-122,-109],[6,-41],[39,-7],[24,-58],[114,7],[-96,-70],[-13,-55],[-45,-19],[23,51],[-66,23],[-102,58],[-150,-73],[9,-58],[-29,-12],[-27,41],[-27,-107],[23,-107],[111,28],[48,-19],[97,8],[17,-13],[76,34],[59,-48]],[[946,1446],[66,-27],[-37,-25],[-29,52]],[[1472,1132],[-67,-139],[17,-35],[-96,-74],[-39,-2],[-56,-74],[-44,4],[-32,55],[-32,-3],[-18,89],[-70,-17],[-14,20],[-56,-37],[14,-29],[-47,-65],[-25,-33],[-17,-202]],[[890,590],[-38,-23],[33,-110],[-38,-74],[-79,35],[-28,-17],[-83,2],[-45,-68],[20,-91],[-60,-60],[-85,102],[-45,-2],[2,-33],[-46,12],[-13,-33],[-96,-41],[-9,-48],[-81,-36],[-68,76],[14,196],[75,126],[13,46],[35,16],[37,105],[-53,74],[-39,91],[3,114],[26,51]],[[997,1270],[43,-49],[64,10],[16,40],[53,8],[67,45],[16,-70],[69,-5],[-2,-74],[95,38],[54,-81]],[[1472,1132],[27,63],[100,29],[56,-17],[91,-1],[70,41],[80,2],[-9,-96],[29,-72],[35,-38],[-40,-63],[35,-115],[69,-34],[25,61],[68,2],[133,-71],[19,-60],[-21,-39],[6,-96],[31,-40],[-3,-68],[25,-35],[-22,-76],[82,-90],[-29,-40],[-62,-31],[-61,68],[-132,4],[-18,-33],[-110,-46],[-55,2],[41,88],[-81,24],[-63,-10],[-63,-65],[-92,-58],[-31,-72],[-120,-28],[-128,-122],[-68,3],[-54,164],[16,91],[3,136],[31,151],[-29,22],[-74,-9],[32,127],[-9,34],[-86,58],[-87,16],[-50,-48],[-34,-91],[-55,-64]]],"transform":{"scale":[0.0033138443608990388,0.0022007493925850596],"translate":[67.35007979400012,36.69915639200009]},"objects":{"TJK_clustered":{"type":"GeometryCollection","geometries":[{"arcs":[[[0,1]],[[2]]],"type":"MultiPolygon","properties":{"game_region_idx":0,"region_idx":0}},{"arcs":[[3,4,-1,5]],"type":"Polygon","properties":{"game_region_idx":1,"region_idx":1}},{"arcs":[[-4,6]],"type":"Polygon","properties":{"game_region_idx":2,"region_idx":2}}]}}}