{"type":"Topology","arcs":[[[1831,1242],[-107,-7],[-6,232],[-51,14],[-1,184],[156,1],[6,65]],[[1828,1731],[59,-21],[40,40],[87,-49],[20,-31],[15,-86],[32,-61],[34,-20],[22,-120],[29,-34],[189,-138],[50,-60],[87,-66],[47,3],[63,-65],[73,-37],[49,-46],[85,-61],[58,10],[144,-70],[20,-23],[-27,-46],[-12,-131],[-36,2],[-114,71],[-55,-96],[-94,-3],[-64,-40],[-7,-68],[-29,-66],[3,-45],[-35,-60],[-68,-30],[-17,-42],[-26,10],[-124,-50],[-46,1],[19,-46],[-29,-21],[0,-54],[-98,-61],[-34,17],[-34,-38],[-17,45],[-40,34],[-105,8],[-26,26]],[[1916,113],[33,64],[-24,31],[29,21],[-18,34],[-2,169],[-106,196],[36,-4],[12,-41],[38,26],[-95,29],[-15,65],[-1,72],[20,8],[-28,56],[-53,59],[-31,128],[50,53],[17,88],[47,21],[6,54]],[[1003,886],[-53,59],[-68,10],[86,302],[27,22],[-25,99],[39,29],[-30,131],[-53,108],[-39,53],[-13,51]],[[874,1750],[101,-12],[33,32],[-31,28],[-14,114],[92,84],[100,8],[31,86],[49,-7],[57,-46],[-40,63],[-38,32],[78,1],[25,39],[60,-66],[49,-3],[26,-49],[50,-23],[83,5],[34,-29],[-20,-72],[66,-40],[-39,-25],[22,-38],[-15,-56],[69,-44],[126,-1]],[[1916,113],[-40,36],[-2,127],[-15,82],[7,49],[-23,20],[-157,-3],[-69,110],[-95,45],[-43,39],[-4,50],[-117,57],[-62,-1],[-30,-18],[-41,42],[-104,41],[-73,13],[-28,85],[-17,-1]],[[1003,886],[-22,-21],[-63,23],[-65,-4],[-29,-50],[-69,-4],[-57,15],[-61,-12],[-63,-35],[-58,-54],[-16,-70],[-127,-55],[-58,6],[-19,114],[-4,82],[11,49],[-7,91],[33,107],[-23,36],[-40,16],[-22,70],[-77,10],[-13,-53],[-14,69],[32,61],[2,-33],[69,-15],[29,22],[-63,68],[32,47],[-59,-2],[-118,32],[0,123],[41,139],[38,-57],[93,-4],[9,37],[29,-75],[71,25],[59,2],[-4,58],[35,-33],[60,44],[-9,43],[-134,102],[-15,73],[-24,46],[-2,53],[-46,19],[-82,-19],[-28,7],[-44,-34],[-29,-62],[17,-21],[-18,-86],[14,-96],[-26,93],[-42,40],[7,33],[-34,32],[115,108],[93,37],[135,25],[32,-8],[152,-109],[9,-39],[102,-144],[44,-8],[52,18],[140,-8]]],"transform":{"scale":[0.004687598508955616,0.0035144256533149267],"translate":[52.43767061735559,35.147519837000104]},"objects":{"TKM_clustered":{"type":"GeometryCollection","geometries":[{"arcs":[[0,1,2]],"type":"Polygon","properties":{"game_region_idx":0,"region_idx":0}},{"arcs":[[3,4,-1,-3,5]],"type":"Polygon","properties":{"game_region_idx":1,"region_idx":1}},{"arcs":[[-4,6]],"type":"Polygon","properties":{"game_region_idx":2,"region_idx":2}}]}}}