{"type":"Topology","arcs":[[[175,183],[-9,-68],[-71,-115],[-25,73],[-32,-31],[-38,49],[67,49],[108,43]],[[447,433],[31,-8],[25,-19],[37,-116],[36,5],[-1,-29],[42,-74],[-10,-44]],[[607,148],[-45,-23],[-76,-81],[-56,-35],[-45,139],[82,40],[4,63],[-31,42],[-58,-52],[-12,66],[77,126]],[[683,175],[-76,-27]],[[447,433],[17,62],[144,36],[141,44],[100,-18],[30,11]],[[879,568],[16,-69],[-16,-32],[-45,-65],[44,-117]],[[878,285],[-38,-32],[-42,-39],[-40,1],[-75,-40]],[[641,743],[34,30],[-25,-94],[-31,9],[22,55]],[[1123,421],[-60,-25],[-64,-85],[-121,-26]],[[879,568],[113,48],[57,-39],[58,32],[64,23],[52,46],[43,-27],[48,14],[53,-47],[-127,-149],[-67,-43],[-50,-5]]],"transform":{"scale":[0.0024017579553767374,0.0017572982225097832],"translate":[124.03003991000003,-9.501227721999967]},"objects":{"TLS_clustered":{"type":"GeometryCollection","geometries":[{"arcs":[[[0]],[[1,2]]],"type":"MultiPolygon","properties":{"game_region_idx":0,"region_idx":0}},{"arcs":[[[3,-2,4,5,6]],[[7]]],"type":"MultiPolygon","properties":{"game_region_idx":1,"region_idx":1}},{"arcs":[[8,-6,9]],"type":"Polygon","properties":{"game_region_idx":2,"region_idx":2}}]}}}