{"type":"Topology","arcs":[[[2665,4494],[39,-83],[-74,-41],[-102,45],[80,75],[57,4]],[[687,8093],[-9,-78],[-56,27],[65,51]],[[1533,1234],[-6,-193],[-75,67],[81,126]],[[1355,1436],[6,-48],[-67,-47],[-37,-78],[-72,64],[-137,49],[-46,72],[136,3],[13,-57],[99,-16],[105,58]],[[1351,3125],[25,-83],[-61,38],[36,45]],[[2252,3100],[57,58],[-17,-77],[-40,19]]],"transform":{"scale":[0.0008470295556693992,0.0008358339671320906],"translate":[-176.2134903639999,-22.32390715899993]},"objects":{"TON_clustered":{"type":"GeometryCollection","geometries":[{"arcs":[[[0]],[[1]]],"type":"MultiPolygon","properties":{"game_region_idx":0,"region_idx":0}},{"arcs":[[[2]],[[3]]],"type":"MultiPolygon","properties":{"game_region_idx":1,"region_idx":1}},{"arcs":[[[4]],[[5]]],"type":"MultiPolygon","properties":{"game_region_idx":2,"region_idx":2}}]}}}