{"type":"Topology","arcs":[[[434,712],[136,-1]],[[570,711],[11,-33],[-43,-53],[10,-77],[-28,-39],[31,-128]],[[551,381],[-35,-142],[-51,24],[-88,-22],[-24,0]],[[353,241],[-21,115],[19,88],[0,14],[-25,93],[-40,30],[-89,38],[49,39],[84,6],[43,2],[61,46]],[[331,184],[22,57]],[[551,381],[120,7]],[[671,388],[30,-103],[28,-25],[-31,-78],[5,-104],[-137,-60],[-152,-2],[-94,-4],[-100,-11],[-53,25],[-167,-26],[105,80],[62,24],[51,42],[0,29],[89,0],[24,9]],[[570,711],[71,26],[129,6],[-32,-70],[-63,-76],[14,-142],[-18,-67]],[[960,1191],[99,34],[-8,-73],[-85,-60],[-118,-58],[-33,20],[145,137]]],"transform":{"scale":[0.001327327336166162,0.0010507679640816103],"translate":[-61.92870032499991,10.056463934000078]},"objects":{"TTO_clustered":{"type":"GeometryCollection","geometries":[{"arcs":[[0,1,2,3]],"type":"Polygon","properties":{"game_region_idx":0,"region_idx":0}},{"arcs":[[4,-3,5,6]],"type":"Polygon","properties":{"game_region_idx":1,"region_idx":1}},{"arcs":[[[7,-6,-2]],[[8]]],"type":"MultiPolygon","properties":{"game_region_idx":2,"region_idx":2}}]}}}