{"type":"Topology","arcs":[[[1369,880],[-114,-54],[-25,-46],[-74,-34],[-8,-49],[-26,-36],[-93,-33],[-54,-80],[-3,-36],[50,-145],[10,-70],[-29,-80],[-119,-162],[-47,-11],[-83,-44],[-94,429],[-81,368],[-10,15],[-254,182],[-18,134],[-73,112],[-124,49],[-16,88]],[[84,1377],[78,38],[228,180],[50,76],[120,6],[14,28],[87,15],[108,21],[37,17],[20,-19]],[[826,1739],[80,-39],[29,7]],[[935,1707],[15,-82],[42,-64],[62,-58],[48,-22],[95,24],[7,-45],[-23,-25],[16,-27],[71,25],[25,44],[48,-40],[-6,-41],[30,-53],[3,-53],[120,-13],[-18,-120],[-2,-115],[42,-74],[-44,-42],[-97,-46]],[[1298,1563],[26,-17],[-62,-62],[-31,33],[-26,-8],[-1,73],[94,-19]],[[324,2651],[-3,40],[-66,34],[88,50],[20,39],[-20,15],[87,35],[-15,40],[109,34],[67,64],[49,29],[49,1],[119,43],[72,-3],[-33,-50],[14,-25],[43,25],[-16,22],[63,1],[81,-38],[-20,-21],[-16,-23],[17,-43],[43,-37],[-30,-43],[60,-27],[45,18],[10,40],[62,14],[59,62],[58,18],[32,-91],[-42,-36],[-83,-145],[-100,-44],[-18,-58],[0,-60],[48,-96],[30,-29],[56,-10],[0,-29],[79,-37],[-15,-22],[16,-33],[-6,-66],[44,-41],[-54,-63],[-36,-59],[0,-36],[-119,-143],[-61,-20],[-112,-74],[-44,-66]],[[826,1739],[1,31],[118,67],[9,24],[-82,29],[-4,23],[83,158],[-27,61],[-23,-6],[-77,23],[-87,74],[-7,53],[-47,-4],[-9,17],[-111,80],[-112,35],[-36,-59],[-60,7],[-42,-19]],[[313,2333],[-31,90],[42,228]],[[1400,1966],[11,-19],[-61,-28],[15,41],[35,6]],[[84,1377],[-57,107],[-27,102],[14,87],[42,45],[53,27],[21,66],[100,53],[50,48],[8,41],[-4,69],[24,87],[44,60],[-42,21],[-10,49],[17,45],[-4,49]]],"transform":{"scale":[0.0027048334450331477,0.00231106665170732],"translate":[7.479832398000071,30.22890533500008]},"objects":{"TUN_clustered":{"type":"GeometryCollection","geometries":[{"arcs":[[[0,1,2,3]],[[4]]],"type":"MultiPolygon","properties":{"game_region_idx":0,"region_idx":0}},{"arcs":[[[5,-3,6,7]],[[8]]],"type":"MultiPolygon","properties":{"game_region_idx":2,"region_idx":2}},{"arcs":[[9,-7,-2]],"type":"Polygon","properties":{"game_region_idx":1,"region_idx":1}}]}}}