{"type":"Topology","arcs":[[[18804,2524],[79,68],[-29,172],[111,-177],[-161,-63]],[[15675,5617],[-108,110],[159,-63],[-51,-47]]],"transform":{"scale":[0.0001625219501422046,0.0003396758585960408],"translate":[176.1352645190001,-9.39934661299992]},"objects":{"TUV_clustered":{"type":"GeometryCollection","geometries":[{"arcs":[[[0]],[[1]]],"type":"MultiPolygon","properties":{"game_region_idx":0,"region_idx":0}}]}}}