{"type":"Topology","arcs":[[[1597,1648],[52,53],[135,40],[74,17],[15,47],[96,16],[54,-55],[43,-15],[78,-15],[47,-69],[-40,-20],[-57,-78],[18,-175],[-35,-27],[-10,-57]],[[2067,1310],[-69,23],[-25,-21],[-88,23],[-67,-74],[-105,-7],[-110,-53],[-91,-9],[-25,-43],[-71,-5]],[[1416,1144],[-114,101]],[[1302,1245],[57,107],[30,28],[48,82],[101,76],[25,57],[34,53]],[[1165,1046],[57,99],[80,100]],[[1416,1144],[-19,-41],[7,-91],[-6,-71],[62,-15],[50,-14],[4,-59],[77,-3]],[[1591,850],[-151,-97],[-32,-37],[-51,-73],[-84,-86],[-47,-21],[-107,20]],[[1119,556],[-64,118],[34,90],[29,24],[-24,86],[38,138],[33,34]],[[67,1416],[32,-9],[0,-49],[-98,-8],[-1,42],[67,24]],[[1265,313],[-48,20],[-55,75],[-43,148]],[[1591,850],[34,-21],[-16,-39],[34,-36],[14,-29],[70,-24],[47,-49],[35,30],[89,146]],[[1898,828],[-42,-98],[-5,-59],[-59,-101],[-65,-62],[-29,-55],[-72,-51],[-80,-152],[-6,-70],[2,-98],[-23,-82],[-83,24],[-2,89],[-76,141],[-93,59]],[[2067,1310],[-93,-135],[13,-28],[-64,-198],[-25,-121]]],"transform":{"scale":[0.0016842806425232935,0.0018488859357495729],"translate":[118.28207441500003,21.90460846600007]},"objects":{"TWN_clustered":{"type":"GeometryCollection","geometries":[{"arcs":[[0,1,2,3]],"type":"Polygon","properties":{"game_region_idx":0,"region_idx":0}},{"arcs":[[[4,-3,5,6,7]],[[8]]],"type":"MultiPolygon","properties":{"game_region_idx":1,"region_idx":1}},{"arcs":[[9,-7,10,11]],"type":"Polygon","properties":{"game_region_idx":2,"region_idx":2}},{"arcs":[[12,-11,-6,-2]],"type":"Polygon","properties":{"game_region_idx":3,"region_idx":3}}]}}}