{"type":"Topology","arcs":[[[1207,580],[-34,-10],[-8,-44],[-45,35],[-84,-5],[-175,83],[-50,7],[-34,33],[-60,16],[-58,13],[5,23],[-67,5],[-34,55],[-47,30],[-60,-7],[-74,59],[-44,121],[-54,86],[-37,117],[-83,91],[-58,39],[-54,99],[-13,71],[33,57],[-3,43],[-55,139],[-14,65],[21,101],[83,-3],[69,50],[37,48],[81,150],[84,62],[5,75]],[[380,2284],[41,39],[22,-26],[-16,-54],[27,-19],[27,-109],[40,-86],[-7,-66],[18,-36],[15,28],[52,9],[2,46],[68,-28],[3,-74],[61,29],[41,-18],[24,46],[63,-11],[-1,71],[69,20],[50,-14],[105,20],[99,-37],[77,-4]],[[1260,2010],[-83,-119],[-11,-93],[3,-79],[77,-62],[-45,-53],[-10,-164],[-126,-105],[-9,-84],[25,-53],[90,-92]],[[1171,1106],[-24,-80],[131,-2],[140,-32],[39,-26],[-31,-22],[-64,-83],[11,-44],[97,-46],[-3,-47],[66,-13],[80,-62],[4,-24],[52,39],[8,-51],[-52,-87],[9,-24],[53,0],[18,23],[82,-1],[21,42],[29,-52],[-15,-51],[41,13],[52,51],[69,40],[-67,-103],[-2,-53],[74,-35],[141,-35],[26,-19],[44,-83],[25,-115]],[[2225,124],[-55,-16],[-23,-63],[-90,-43],[-82,17],[-19,24],[-54,-2],[-65,-41],[-92,8],[-8,32],[-87,43],[-63,-50],[-155,8],[-20,52],[-32,10],[-43,84],[21,69],[-24,57],[1,61],[-25,92],[-103,114]],[[380,2284],[-83,12],[-19,24],[27,53],[-27,1],[23,47],[83,31],[13,69],[-23,40],[9,87],[-24,49],[-46,23],[-26,58],[95,25],[481,0],[324,0],[316,-184]],[[1503,2619],[-5,-103],[26,-23],[-31,-78],[-14,-100],[-29,-25],[-34,22],[-3,-187],[-33,-53],[-88,-42],[-32,-20]],[[1171,1106],[60,48],[47,-3],[17,28],[75,16],[12,44],[38,26],[41,-8],[25,-15],[67,12],[67,-36],[136,-27],[60,-52],[20,83],[21,13],[0,59],[31,87],[24,27],[1,89],[50,35],[31,21],[41,89],[12,63],[51,59],[116,-5],[-20,50],[15,44],[98,136]],[[2307,1989],[197,-146],[-13,-111],[-86,-225],[13,-101],[70,-55],[42,-67],[43,-11],[21,-68],[-28,-16],[-41,-109],[8,-51],[23,3],[15,-60],[-43,-80],[17,-104],[42,-54],[-5,-53],[37,-17],[-7,-61],[48,-112],[-23,-26],[50,-22],[16,-37],[120,-44],[-7,-41],[-105,-81],[-63,-34],[-70,-15],[-50,-40],[-99,-4],[-102,-64],[-102,41]],[[2683,1070],[-19,-73],[-60,-8],[79,81]],[[2554,1497],[34,-45],[-4,-76],[-51,57],[-33,23],[6,33],[29,82],[19,-74]],[[2672,1711],[-15,-59],[-39,-2],[26,66],[-15,71],[33,-20],[10,-56]],[[1503,2619],[206,-119],[347,-199],[56,-32],[14,-70],[-26,-52],[207,-158]]],"transform":{"scale":[0.003942033506199066,0.003827577287905834],"translate":[29.32103153500009,-11.73127248199998]},"objects":{"TZA_clustered":{"type":"GeometryCollection","geometries":[{"arcs":[[0,1,2,3,4]],"type":"Polygon","properties":{"game_region_idx":2,"region_idx":2}},{"arcs":[[-2,5,6]],"type":"Polygon","properties":{"game_region_idx":3,"region_idx":3}},{"arcs":[[[-4,7,8]],[[9]],[[10]],[[11]]],"type":"MultiPolygon","properties":{"game_region_idx":0,"region_idx":0}},{"arcs":[[12,-8,-3,-7]],"type":"Polygon","properties":{"game_region_idx":1,"region_idx":1}}]}}}