{"type":"Topology","arcs":[[[384,163],[-45,1],[-26,-37],[-61,-77],[-106,-50],[-30,58],[-105,-25],[-11,159],[25,51],[8,168],[6,34],[16,88],[13,95],[37,29],[14,66],[30,41],[15,24],[-5,115],[108,68],[24,72],[87,31],[46,49],[54,66],[166,136]],[[644,1325],[106,-7],[15,-34],[26,-47],[10,-85],[28,-18],[105,-16],[26,14]],[[960,1132],[47,-55],[8,-47],[-118,-95],[68,-25],[50,-62],[98,22],[16,-52],[17,-56],[75,-29],[-7,-39],[-83,-86],[9,-83],[103,-2],[48,0],[102,0],[0,-120],[0,-216]],[[1393,187],[-364,0],[-298,0],[-191,0],[-80,-28],[-76,4]],[[1638,187],[-245,0]],[[960,1132],[58,47],[51,-25],[138,-129],[92,-49],[6,67],[60,-22],[-3,105],[-36,51],[52,2],[65,-1],[10,97],[15,41],[-66,53],[8,50],[84,-3],[37,18],[50,-29],[34,-8],[42,44],[31,91],[39,2],[37,21],[76,-44],[126,-77],[4,-63],[57,10],[43,36],[77,21],[2,143],[50,2],[37,-149],[34,40]],[[2270,1474],[19,-44],[5,-171],[-84,-121],[8,-56],[-92,-32],[-9,-24],[-22,4],[-19,-41],[-32,-74],[-38,-28],[-70,-71],[-18,-80],[-54,-68],[-30,-43],[27,-98],[-25,-204],[4,-136],[-115,0],[-87,0]],[[1681,2099],[190,179],[39,-53],[6,-84],[51,-1],[-17,-42],[116,-41],[-23,-112],[21,-82],[47,-34],[12,-61],[66,-37],[37,-102],[45,-49],[-25,-52],[24,-54]],[[644,1325],[87,125],[-44,61],[-51,-6],[-37,47],[-41,-30],[-69,52],[26,86],[36,87],[-46,57],[7,35],[60,105],[17,118],[52,21],[96,17],[89,-46],[46,15],[70,47],[102,-92],[14,-10],[51,-13],[5,37],[78,44],[163,16],[110,43],[53,-41],[51,-9],[112,8]]],"transform":{"scale":[0.0023658034537925193,0.0024975051861281924],"translate":[29.55151757200008,-1.469624938999928]},"objects":{"UGA_clustered":{"type":"GeometryCollection","geometries":[{"arcs":[[0,1,2,3]],"type":"Polygon","properties":{"game_region_idx":0,"region_idx":0}},{"arcs":[[4,-3,5,6]],"type":"Polygon","properties":{"game_region_idx":1,"region_idx":1}},{"arcs":[[7,-6,-2,8]],"type":"Polygon","properties":{"game_region_idx":2,"region_idx":2}}]}}}