{"type":"Topology","arcs":[[[134,176352],[-134,-103],[49,93],[85,10]],[[72858,78],[88,22],[-66,-100],[-22,78]],[[64334,38694],[-1,-85],[-126,-11],[127,96]],[[1443796,121277],[79,30],[-15,119],[74,-133],[-138,-16]],[[429624,115948],[73,-13],[-46,-114],[-27,127]]],"transform":{"scale":[0.00023826708942167716,0.00016219373811467985],"translate":[-177.3895971339999,-0.38876718499994917]},"objects":{"UMI_clustered":{"type":"GeometryCollection","geometries":[{"arcs":[[0]],"type":"Polygon","properties":{"game_region_idx":0,"region_idx":0}},{"arcs":[[[1]],[[2]]],"type":"MultiPolygon","properties":{"game_region_idx":2,"region_idx":2}},{"arcs":[[[3]],[[4]]],"type":"MultiPolygon","properties":{"game_region_idx":1,"region_idx":1}}]}}}