{"type":"Topology","arcs":[[[805,1584],[29,-76],[-44,-160],[-56,-62],[-20,-67],[-41,-172],[-56,-45],[-103,-36],[-36,-28],[20,-29],[37,-30],[56,-4],[28,-40],[49,-13],[56,-96]],[[724,726],[42,-132],[-15,-69],[-54,26],[-109,-68],[-72,13],[52,-91],[-57,-39],[-5,-88],[-24,-21]],[[482,257],[-141,-3],[-33,12],[-88,-20],[-16,46],[-68,91],[-46,16],[-83,140],[-7,171],[16,51],[16,69],[-7,64],[74,21],[37,39],[11,59],[-28,46],[-27,161],[34,89],[-32,78],[15,44],[-8,107],[41,17],[27,83],[-19,66],[51,131],[19,90],[-21,55],[40,20],[3,57],[-33,99],[13,51],[75,77],[19,68],[26,-41],[123,-6],[52,89],[93,2],[76,-72],[99,-117],[53,-39],[85,-115],[-2,-136],[2,-3]],[[923,1914],[-26,-64],[-41,-22],[11,-24],[-11,-45],[-51,-61],[-13,-39],[13,-75]],[[923,1914],[56,2],[50,65],[30,3],[24,45],[90,-103],[36,-85],[66,-48],[22,29],[80,-82],[87,-18],[41,-55],[6,-40],[127,-120],[25,14],[113,-82],[39,-89],[8,-55],[89,-111],[87,-41],[29,-37],[-27,-38],[-45,-44],[-10,-41],[-74,-75]],[[1872,908],[-95,-32],[-84,-99],[-52,-36],[-61,54],[-83,-46],[-126,54],[-110,-21],[12,63],[-7,66],[-74,-38],[-130,-85],[-91,-33],[-52,1],[-28,-29],[-58,8],[-63,37],[-1,-33],[-45,-13]],[[1872,908],[2,-133],[-9,-125],[49,-46],[-24,-45],[-25,-112],[-66,-67],[-20,-95],[-79,-47],[-66,-89],[-44,-9],[8,47],[-40,-20],[14,-38],[-85,-49],[-156,-80],[-54,42],[-68,-6],[-43,46],[-160,14],[-93,-55],[-43,-17],[-61,7],[-42,39],[21,17],[-164,47],[-142,123]]],"transform":{"scale":[0.002624448118343218,0.0020316635217028306],"translate":[-58.43321692599994,-34.96990325299993]},"objects":{"URY_clustered":{"type":"GeometryCollection","geometries":[{"arcs":[[0,1,2,3]],"type":"Polygon","properties":{"game_region_idx":0,"region_idx":0}},{"arcs":[[-4,4,5,-1]],"type":"Polygon","properties":{"game_region_idx":1,"region_idx":1}},{"arcs":[[6,-2,-6]],"type":"Polygon","properties":{"game_region_idx":2,"region_idx":2}}]}}}