{"type":"Topology","arcs":[[[142,0],[-74,28],[68,66],[6,-94]],[[73,124],[4,-54],[-77,-2],[73,56]]],"transform":{"scale":[0.0009434047060117489,0.0005921131645261273],"translate":[-75.22896927899987,19.897225962598796]},"objects":{"USG_clustered":{"type":"GeometryCollection","geometries":[{"arcs":[[[0]],[[1]]],"type":"MultiPolygon","properties":{"game_region_idx":0,"region_idx":0}}]}}}