{"type":"Topology","arcs":[[[446,577],[-87,-73],[-13,46],[86,47],[14,-20]],[[551,794],[-89,-88],[-95,42]],[[367,748],[81,71]],[[448,819],[103,-25]],[[367,748],[-61,31],[6,107],[45,38],[56,100],[74,15]],[[487,1039],[-6,-161],[-24,3],[-20,-31],[11,-31]],[[487,1039],[49,-8],[36,-88],[-21,-149]]],"transform":{"scale":[0.0005550073304195419,0.0007430757083740306],"translate":[-61.441395636999914,12.607896226000037]},"objects":{"VCT_clustered":{"type":"GeometryCollection","geometries":[{"arcs":[[[0]],[[1,2,3]]],"type":"MultiPolygon","properties":{"game_region_idx":0,"region_idx":0}},{"arcs":[[4,5,-3]],"type":"Polygon","properties":{"game_region_idx":2,"region_idx":2}},{"arcs":[[6,-4,-6]],"type":"Polygon","properties":{"game_region_idx":1,"region_idx":1}}]}}}