{"type":"Topology","arcs":[[[85,105],[-24,78],[121,19],[-97,-97]],[[314,272],[-56,-84],[37,139],[68,14],[-49,-69]],[[354,811],[-65,46],[79,3],[45,-101],[-59,52]]],"transform":{"scale":[0.0011115393583534703,0.00045147089999997747],"translate":[-64.7298070949999,18.357977606000077]},"objects":{"VGB_clustered":{"type":"GeometryCollection","geometries":[{"arcs":[[[0]],[[1]],[[2]]],"type":"MultiPolygon","properties":{"game_region_idx":0,"region_idx":0}}]}}}