{"type":"Topology","arcs":[[[2246,63],[40,-29],[-47,-34],[-62,25],[12,37],[57,1]],[[1970,429],[47,-20],[-44,-73],[-53,12],[-95,82],[17,84],[63,15],[20,-87],[45,-13]],[[1905,744],[-41,-37],[-195,70],[1,105],[33,34],[78,-4],[27,-85],[97,-83]],[[1372,1445],[-6,-59],[-98,-15],[-58,16],[-16,47],[-75,-17],[2,48],[60,55],[126,7],[65,-82]],[[1130,1940],[-48,59],[16,77],[70,-66],[158,-62],[-5,-27],[-95,35],[-96,-16]],[[1124,2203],[-29,-8],[-148,58],[3,23],[97,22],[69,56],[40,-83],[62,-31],[-23,-35],[-71,-2]],[[873,2163],[22,-22],[-68,-50],[-83,30],[-82,-53],[-78,124],[-7,99],[-35,44],[-61,-31],[-58,49],[26,108],[102,-10],[60,-114],[74,-29],[144,-101],[44,-44]],[[1126,2672],[56,-244],[-55,-12],[-46,174],[24,112],[21,-30]],[[959,2743],[-68,-53],[-71,0],[-35,30],[83,63],[134,22],[-43,-62]],[[1066,2975],[30,11],[34,-139],[-9,-106],[-32,0],[-1,134],[-22,100]],[[463,2540],[-91,42],[37,31],[72,-11],[-18,-62]],[[430,2660],[25,-39],[-58,11],[33,28]],[[418,2662],[-59,-32],[-72,8],[-104,-45],[-120,154],[23,67],[-86,244],[23,105],[36,7],[86,-110],[44,-182],[80,-2],[29,29],[1,86],[61,-5],[24,-102],[34,-3],[17,-105],[46,-108],[-63,-6]],[[672,3449],[60,-28],[-53,-74],[-87,12],[7,59],[73,31]],[[630,3574],[-43,64],[67,55],[63,-80],[-87,-39]]],"transform":{"scale":[0.0014769475428696595,0.0017724629695380718],"translate":[166.52263431100005,-20.253106377999927]},"objects":{"VUT_clustered":{"type":"GeometryCollection","geometries":[{"arcs":[[[0]],[[1]],[[2]]],"type":"MultiPolygon","properties":{"game_region_idx":0,"region_idx":0}},{"arcs":[[[3]],[[4]],[[5]],[[6]],[[7]],[[8]],[[9]]],"type":"MultiPolygon","properties":{"game_region_idx":1,"region_idx":1}},{"arcs":[[[10]],[[11]],[[12]],[[13]],[[14]]],"type":"MultiPolygon","properties":{"game_region_idx":2,"region_idx":2}}]}}}