{"type":"Topology","arcs":[[[340,612],[70,-32],[48,-67],[34,-150],[-26,-102]],[[466,261],[-80,167],[-30,1],[-36,2],[-19,0],[39,181]],[[791,250],[19,-5]],[[810,245],[-19,5]],[[759,52],[-18,-3],[-53,15],[-81,78],[-13,55],[23,22],[29,13],[110,23]],[[756,255],[8,-143],[-5,-60]],[[117,550],[89,40],[134,22]],[[466,261],[-87,31],[-29,-14],[-138,-22],[-70,117],[-77,79],[-65,100],[117,-2]],[[993,161],[7,-30],[74,-45],[23,-86],[-173,7],[-74,-7],[-91,52]],[[756,255],[35,-5]],[[810,245],[116,-57],[53,-13],[14,-14]]],"transform":{"scale":[0.001223188300820402,0.0009624672352941472],"translate":[-172.78258216099988,-14.051853122999944]},"objects":{"WSM_clustered":{"type":"GeometryCollection","geometries":[{"arcs":[[[0,1]],[[4,5]]],"type":"MultiPolygon","properties":{"game_region_idx":0,"region_idx":0}},{"arcs":[[6,-2,7]],"type":"Polygon","properties":{"game_region_idx":1,"region_idx":1}},{"arcs":[[8,-6,9,-4,10]],"type":"Polygon","properties":{"game_region_idx":2,"region_idx":2}}]}}}