{"type":"Topology","arcs":[[[2112,966],[-64,-16],[-97,-67],[-61,-1],[-94,-33],[-129,-75],[-19,-59],[-83,-91]],[[1565,624],[-26,61],[-83,22],[-31,27],[-23,49],[-79,22],[-66,62],[46,61],[-14,45],[11,64],[51,96],[-26,20],[-364,-34],[127,188]],[[1088,1307],[53,64],[-10,196]],[[1131,1567],[50,3],[61,43],[41,121],[148,222],[225,140],[24,11],[157,26],[331,56],[247,42],[2,-5],[128,-365],[63,-180],[19,-11],[74,-203],[-127,-53],[-78,-70],[-36,-90],[18,-45],[1,-75],[-47,-15],[-94,-54],[-81,-56],[-145,-43]],[[3057,137],[-85,-62],[-94,-15],[-53,9],[-61,59],[16,46],[67,15],[28,-27],[91,26],[91,-51]],[[148,1481],[6,29],[-25,50],[14,129],[58,60],[29,1],[64,-54],[91,2],[77,21],[147,4],[64,-4],[54,-34],[230,-29],[100,17],[74,-106]],[[1088,1307],[-216,-48],[-77,-33],[-34,-35],[-83,7],[-63,40],[-86,25],[-61,5],[-44,-18],[-2,-62],[-21,-52],[-47,-38],[-31,19],[-41,-12],[-101,-5],[-7,115],[-74,-15],[-42,31]],[[58,1231],[-12,148],[64,54],[12,44],[26,4]],[[174,501],[-13,69],[-36,67],[-28,131],[11,16],[-43,195],[-65,34],[18,21],[33,-13],[-28,146],[35,64]],[[1565,624],[-55,-18],[-72,-6],[-44,28],[-91,-55],[-59,-68],[-29,-14],[-106,-33],[-55,-33],[-120,2],[-146,-31],[-68,-88],[-78,-44],[-2,-3],[-9,-53],[-29,23],[-17,-33],[-48,23],[-39,-2],[-33,-40],[-121,-24],[-89,51],[-18,-20],[-15,49],[-57,119],[9,147]]],"transform":{"scale":[0.0038797985132482792,0.003081279722097743],"translate":[42.610118035000085,12.121302453000055]},"objects":{"YEM_clustered":{"type":"GeometryCollection","geometries":[{"arcs":[[[0,1,2,3]],[[4]]],"type":"MultiPolygon","properties":{"game_region_idx":0,"region_idx":0}},{"arcs":[[5,-3,6,7]],"type":"Polygon","properties":{"game_region_idx":1,"region_idx":1}},{"arcs":[[8,-7,-2,9]],"type":"Polygon","properties":{"game_region_idx":2,"region_idx":2}}]}}}