{"type":"Topology","arcs":[[[1188,2492],[8,-99],[41,-29],[12,-75],[34,-42]],[[1283,2247],[-20,-125],[-48,-31],[-8,-76],[-25,-37],[24,-25],[-24,-72],[-2,-132],[22,-21],[193,-7],[253,5],[9,-30],[-105,-52],[25,-114],[32,-45],[-7,-38],[47,-51],[-5,-34],[54,-51],[-47,-3],[4,-44],[-25,-25],[9,-74],[-53,-11],[4,-61],[-58,-36],[2,-19],[-70,-83],[-31,18],[42,17],[-18,49],[-32,22],[-64,5],[-15,-61],[42,-2],[2,-27],[-68,-47],[-84,113],[-63,-16],[-17,26],[-16,-57],[-31,3],[-84,67],[-50,78],[-59,24],[-191,-2],[-111,-34]],[[616,1131],[-155,106],[-8,35],[-69,33],[-41,115],[-33,55],[-7,91],[-53,48],[-22,83],[-108,104],[-51,117],[-39,32],[-30,61],[14,62],[32,-21],[68,-6],[79,20],[78,-51],[0,-22],[49,-12],[95,50],[87,-23],[129,-57],[18,15],[125,40],[43,46],[3,33],[178,183],[28,74],[57,89],[105,61]],[[1283,2247],[108,6],[61,74],[72,34],[50,6],[20,-37],[124,-48],[55,-70],[-36,-45],[8,-48],[-57,-142],[48,-92],[118,-77],[-14,-44],[9,-50],[150,-57],[22,7],[83,-22],[77,-49],[90,-45],[49,-10],[14,-87],[58,-43],[18,35],[45,15],[-4,-39],[85,-1],[101,-68],[112,-45],[57,-64],[45,-70],[76,-54],[31,-2],[58,-37],[3,-54],[-37,-247],[-48,-111],[19,-62],[30,-15],[26,-64],[41,-26]],[[3050,499],[-191,-211],[-223,-245],[-61,-43],[-54,34],[-28,-6],[-110,24],[-87,-22],[-53,10],[-88,-13],[-70,20],[-160,73],[-128,-13],[-34,-15],[-59,54],[-71,10],[-21,31],[7,83],[-76,18],[-98,48],[-70,-4],[-76,29],[-107,8],[-40,45],[-19,69],[-93,106],[0,100],[14,68],[-4,94],[-46,16],[-106,0],[-31,-10],[7,65],[-29,108],[-80,45],[-126,34],[-23,22]],[[1188,2492],[109,71],[154,62],[38,5],[53,77],[-9,37],[10,115],[31,39],[47,8],[61,60],[93,44],[43,5],[140,40],[74,-14],[50,10],[71,-7],[42,1],[3,-164],[193,1],[49,-28],[60,29],[62,-12],[62,-63],[119,-20],[74,-60],[21,-40],[162,-10],[162,-67],[25,-49],[69,-1],[32,13],[-15,-60],[-45,-54],[54,-104],[6,-45],[23,-43],[-37,-61],[30,-38],[-3,-96],[-27,-36],[7,-161],[35,-45],[-16,-61],[-54,-31],[21,-85],[-15,-28],[-82,-21],[0,-81],[55,-7],[18,-40],[-15,-75],[-25,-36],[-2,-45],[26,-7],[2,-92],[56,11],[30,-56],[-11,-112],[-52,-32],[-17,-82],[-84,-123],[-57,-2],[-18,-56],[12,-95],[-13,-37],[-54,-69],[29,-70]]],"transform":{"scale":[0.0023549087334137505,0.002220141321767609],"translate":[25.226087687000078,-22.39733978299992]},"objects":{"ZWE_clustered":{"type":"GeometryCollection","geometries":[{"arcs":[[0,1,2]],"type":"Polygon","properties":{"game_region_idx":0,"region_idx":0}},{"arcs":[[-2,3,4]],"type":"Polygon","properties":{"game_region_idx":1,"region_idx":1}},{"arcs":[[-4,-1,5]],"type":"Polygon","properties":{"game_region_idx":2,"region_idx":2}}]}}}